Workbook

Sheet 00_Cover_&_Control
A1: ENTERPRISE SUPERPOWER CAPACITY PLAN TEMPLATE
A3: Unified Capacity Model & Extrapolation Engine (RMT & Livin' Merchant Architecture Integration)
A5: 1. Metadata & Control Parameter
A6: Parameter | B6: Nilai | C6: Satuan | D6: Keterangan / Catatan SLA
A7: Nama Aplikasi / System | B7: Livin' Merchant & RM Tools (Unified) | C7: Text | D7: Gabungan Arsitektur Microservice & Middleware
A8: Tanggal Penyusunan | B8: 26 Agustus 2026 | C8: Date | D8: Revisi Terintegrasi Master Template
A9: Versi Dokumen | B9: v5.0 (Superpower Master) | C9: Version | D9: Template Gabungan RMT & Livin' Merchant
A10: Penyusun (Prepared By) | B10: IT Architecture & Capacity Planning Team | C10: Text | D10: IT Strategy & Architecture Group
A11: Reviewer | B11: Department Head IT Digital Channel | C11: Text | D11: Reviewer Kesiapan Infrastruktur
A12: Target CPU Utilization Threshold | B12: 0.4 | C12: Percentage | D12: Batas Maksimum CPU Aman (Buffer 60%)
A13: Target RAM Utilization Threshold | B13: 0.7 | C13: Percentage | D13: Batas Maksimum Memory Aman (Buffer 30%)
A14: Target Storage Utilization Threshold | B14: 0.8 | C14: Percentage | D14: Batas Maksimum Disk Storage Aman
A15: High Availability Standard Factor | B15: N+1 / Redundant DC-DR | C15: Text | D15: Standar Minimasi Single Point of Failure
A18: 2. Document Change Control
A19: Versi | B19: Tanggal | C19: Penulis | D19: Ringkasan Perubahan | E19: Dokumen Acuan Base
A20: v1.0 | B20: 14/07/2023 | C20: Solution Architect Team | D20: Capacity Plan Baseline Livin' Merchant Phase 1 | E20: Caplan LM 2023
A21: v2.0 | B21: 12/08/2024 | C21: Capacity Planning Team | D21: Capacity Plan Livin' Merchant Phase 3 & 3.1 | E21: Spek PT LM 3.1
A22: v3.0 | B22: 12/05/2025 | C22: IT Channel Delivery | D22: Capacity Plan Livin' Merchant R4 & On Premise | E22: Caplan LM R4
A23: v4.0 | B23: 23/07/2026 | C23: RM Tools Dev Team | D23: Capacity Plan RM Tools (SATU) R1 2026 | E23: Caplan RMT 2026
A24: v5.0 | B24: 26/08/2026 | C24: Enterprise Architect | D24: Superpower Combined Template & Math Formulas | E24: Combined Master Template

Sheet 01_Business_Growth_Plan
A1: BUSINESS CAPACITY PLAN & TRANSACTION PROJECTION (2025 - 2029)
A3: No | B3: Metrik Bisnis / User Segment | C3: Satuan | D3: 2025 (Base) | E3: 2026 | F3: 2027 | G3: 2028 | H3: 2029 | I3: Growth (%/Thn) | J3: Formula / Catatan Proyeksi
A4: 1 | B4: Jumlah User Merchant / Active User | C4: User | D4: 500000 | E4: =D4*(1+$I4) -> 575000 | F4: =E4*(1+$I4) -> 661250 | G4: =F4*(1+$I4) -> 760437.5 | H4: =G4*(1+$I4) -> 874503.12 | I4: 0.15 | J4: Pertumbuhan Merchant 15% per tahun
A5: 2 | B5: Jumlah User Corporate Banking | C5: User | D5: 550 | E5: =D5*(1+$I5) -> 605 | F5: =E5*(1+$I5) -> 665.5 | G5: =F5*(1+$I5) -> 732.05 | H5: =G5*(1+$I5) -> 805.255 | I5: 0.1 | J5: Corporate Banking User Growth
A6: 3 | B6: Jumlah User Commercial Banking | C6: User | D6: 950 | E6: =D6*(1+$I6) -> 1045 | F6: =E6*(1+$I6) -> 1149.5 | G6: =F6*(1+$I6) -> 1264.45 | H6: =G6*(1+$I6) -> 1390.895 | I6: 0.1 | J6: Commercial Banking User Growth
A7: 4 | B7: Jumlah User SME Banking | C7: User | D7: 1000 | E7: =D7*(1+$I7) -> 1100 | F7: =E7*(1+$I7) -> 1210 | G7: =F7*(1+$I7) -> 1331 | H7: =G7*(1+$I7) -> 1464.1 | I7: 0.1 | J7: SME User Growth
A8: 5 | B8: Jumlah Pipeline TBW | C8: Pipeline | D8: 120000 | E8: =D8*(1+$I8) -> 132000 | F8: =E8*(1+$I8) -> 145200 | G8: =F8*(1+$I8) -> 159720 | H8: =G8*(1+$I8) -> 175692 | I8: 0.1 | J8: TBW Pipeline Volume
A9: 6 | B9: Total Transaksi Harian Puncak | C9: Trx/Hari | D9: 15000000 | E9: =D9*(1+$I9) -> 18000000 | F9: =E9*(1+$I9) -> 21600000 | G9: =F9*(1+$I9) -> 25920000 | H9: =G9*(1+$I9) -> 31104000 | I9: 0.2 | J9: Daily Peak Transactions Growth 20%
A10: 7 | B10: Jam Sibuk Transaksi (Peak Hours) | C10: Jam | D10: 8 | E10: 8 | F10: 8 | G10: 8 | H10: 8 | I10: 0 | J10: Asumsi Window Jam Sibuk Operasional
A11: 8 | B11: Faktor Lonjakan (Concurrency Multiplier) | C11: Factor | D11: 1.8 | E11: 1.8 | F11: 1.8 | G11: 1.8 | H11: 1.8 | I11: 0 | J11: Rasio Puncak / Rata-rata Jam Sibuk
A12: 9 | B12: Target Calculated Peak TPS | C12: TPS | D12: =(D9*D11)/(D10*3600) -> 937.5 | E12: =(E9*E11)/(E10*3600) -> 1125 | F12: =(F9*F11)/(F10*3600) -> 1350 | G12: =(G9*G11)/(G10*3600) -> 1620 | H12: =(H9*H11)/(H10*3600) -> 1944 | I12: 0.2 | J12: TPS Puncak = (TrxHarian * Multiplier) / (PeakHours * 3600)
A13: 10 | B13: Target Target TPS (Extrapolation Base) | C13: TPS | D13: 526.07 | E13: =D13*(1+$I13) -> 604.9805 | F13: =E13*(1+$I13) -> 695.72758 | G13: =F13*(1+$I13) -> 800.08671 | H13: =G13*(1+$I13) -> 920.09972 | I13: 0.15 | J13: Target TPS disesuaikan untuk ekstrapolasi PT

Sheet 03_PT_Baseline_Data
A1: PERFORMANCE TEST (PT) BASELINE INPUT DATA
A3: Baseline 1: Historical PT Run 1 (e.g. PT R3 Run 97) | F3: Baseline 2: Historical PT Run 2 (e.g. PT R4 Run 78)
A4: TPS Benchmark 1: | B4: 239.92 | F4: TPS Benchmark 2: | G4: 670.98
A6: No | B6: Component / Service Name | C6: Spec Node (Core) | D6: Spec Node (RAM GB) | E6: Node Qty | F6: % CPU Util (PT1) | G6: % RAM Util (PT1) | H6: % CPU Util (PT2) | I6: % RAM Util (PT2)
A7: 1 | B7: lm-apicore | C7: 4 | D7: 16 | E7: 20 | F7: 5.79 | G7: 16.22 | H7: 31.73 | I7: 18.21
A8: 2 | B8: lm-checkout | C8: 4 | D8: 16 | E8: 9 | F8: 4.5 | G8: 14.1 | H8: 24.8 | I8: 16.5
A9: 3 | B9: lm-webstore | C9: 4 | D9: 16 | E9: 4 | F9: 3.2 | G9: 12 | H9: 18.4 | I9: 14.2
A10: 4 | B10: lm-payment | C10: 4 | D10: 16 | E10: 13 | F10: 6.1 | G10: 18.5 | H10: 34.2 | I10: 21.4
A11: 5 | B11: lm-scheduler | C11: 16 | D11: 32 | E11: 1 | F11: 12 | G11: 25 | H11: 28 | I11: 30
A12: 6 | B12: lm-event | C12: 4 | D12: 16 | E12: 2 | F12: 2.5 | G12: 10 | H12: 14.1 | I12: 12.5
A13: 7 | B13: lm-fnb | C13: 4 | D13: 16 | E13: 2 | F13: 2.1 | G13: 9.5 | H13: 12.4 | I13: 11.2
A14: 8 | B14: lm-kiosk | C14: 4 | D14: 16 | E14: 2 | F14: 1.8 | G14: 8 | H14: 10.5 | I14: 9.8
A15: 9 | B15: lm-syscore | C15: 4 | D15: 16 | E15: 2 | F15: 3.5 | G15: 11 | H15: 19.2 | I15: 13.5
A16: 10 | B16: lm-report | C16: 4 | D16: 16 | E16: 2 | F16: 8 | G16: 22 | H16: 42 | I16: 26
A17: 11 | B17: lm-authentication | C17: 4 | D17: 16 | E17: 2 | F17: 4.2 | G17: 15 | H17: 22.1 | I17: 17.5
A18: 12 | B18: lm-lending | C18: 4 | D18: 16 | E18: 2 | F18: 2.8 | G18: 12 | H18: 15.6 | I18: 14
... A24: 18 | B24: Database System Tier | C24: 32 | D24: 512 | E24: 1 | F24: 14 | G24: 45 | H24: 42 | I24: 58

Sheet 04_Extrapolation_Engine
A1: POWER-LAW EXTRAPOLATION CALCULATION ENGINE (Resource = a * TPS^b)
A3: No | B3: Component Name | C3: Cores PT1 | D3: Cores PT2 | E3: Exponent b (CPU) | F3: Constant a (CPU) | G3: RAM GB PT1 | H3: RAM GB PT2 | I3: Exponent b (RAM) | J3: Constant a (RAM) | K3: 2025 Req Core | L3: 2026 Req Core | M3: 2027 Req Core | N3: 2028 Req Core | O3: 2029 Req Core | P3: 2025 Node Qty | Q3: 2026 Node Qty | R3: 2027 Node Qty | S3: 2028 Node Qty | T3: 2029 Node Qty
A4: 1 | B4: ='03_PT_Baseline_Data'!B7 -> lm-apicore | C4: =('03_PT_Baseline_Data'!F7*'03_PT_Baseline_Data'!C7*'03_PT_Baseline_Data'!E7)/100 -> 4.632 | D4: =('03_PT_Baseline_Data'!H7*'03_PT_Baseline_Data'!C7*'03_PT_Baseline_Data'!E7)/100 -> 25.384 | E4: =LN(D4/C4)/LN('03_PT_Baseline_Data'!$G$4/'03_PT_Baseline_Data'!$B$4) -> 1.654098 | F4: =C4/('03_PT_Baseline_Data'!$B$4^E4) -> 0.00053567987 | G4: =('03_PT_Baseline_Data'!G7*'03_PT_Baseline_Data'!D7*'03_PT_Baseline_Data'!E7)/100 -> 51.904 | H4: =('03_PT_Baseline_Data'!I7*'03_PT_Baseline_Data'!D7*'03_PT_Baseline_Data'!E7)/100 -> 58.272 | I4: =LN(H4/G4)/LN('03_PT_Baseline_Data'!$G$4/'03_PT_Baseline_Data'!$B$4) -> 0.1125263 | J4: =G4/('03_PT_Baseline_Data'!$B$4^I4) -> 28.014364 | K4: =ROUNDUP(($F4*('01_Business_Growth_Plan'!D13^$E4))/'00_Cover_&_Control'!$B$12, 0) -> 43 | L4: =ROUNDUP(($F4*('01_Business_Growth_Plan'!E13^$E4))/'00_Cover_&_Control'!$B$12, 0) -> 54 | M4: =ROUNDUP(($F4*('01_Business_Growth_Plan'!F13^$E4))/'00_Cover_&_Control'!$B$12, 0) -> 68 | N4: =ROUNDUP(($F4*('01_Business_Growth_Plan'!G13^$E4))/'00_Cover_&_Control'!$B$12, 0) -> 85 | O4: =ROUNDUP(($F4*('01_Business_Growth_Plan'!H13^$E4))/'00_Cover_&_Control'!$B$12, 0) -> 107 | P4: =ROUNDUP(K4/'03_PT_Baseline_Data'!C7, 0) -> 11 | Q4: =ROUNDUP(L4/'03_PT_Baseline_Data'!C7, 0) -> 14 | R4: =ROUNDUP(M4/'03_PT_Baseline_Data'!C7, 0) -> 17 | S4: =ROUNDUP(N4/'03_PT_Baseline_Data'!C7, 0) -> 22 | T4: =ROUNDUP(O4/'03_PT_Baseline_Data'!C7, 0) -> 27
A5: 2 | B5: ='03_PT_Baseline_Data'!B8 -> lm-checkout | C5: =('03_PT_Baseline_Data'!F8*'03_PT_Baseline_Data'!C8*'03_PT_Baseline_Data'!E8)/100 -> 1.62 | D5: =('03_PT_Baseline_Data'!H8*'03_PT_Baseline_Data'!C8*'03_PT_Baseline_Data'!E8)/100 -> 8.928 | E5: =LN(D5/C5)/LN('03_PT_Baseline_Data'!$G$4/'03_PT_Baseline_Data'!$B$4) -> 1.6595782 | F5: =C5/('03_PT_Baseline_Data'!$B$4^E5) -> 0.00018180622 | G5: =('03_PT_Baseline_Data'!G8*'03_PT_Baseline_Data'!D8*'03_PT_Baseline_Data'!E8)/100 -> 20.304 | H5: =('03_PT_Baseline_Data'!I8*'03_PT_Baseline_Data'!D8*'03_PT_Baseline_Data'!E8)/100 -> 23.76 | I5: =LN(H5/G5)/LN('03_PT_Baseline_Data'!$G$4/'03_PT_Baseline_Data'!$B$4) -> 0.15283977 | J5: =G5/('03_PT_Baseline_Data'!$B$4^I5) -> 8.786437 | K5: =ROUNDUP(($F5*('01_Business_Growth_Plan'!D13^$E5))/'00_Cover_&_Control'!$B$12, 0) -> 15 | L5: =ROUNDUP(($F5*('01_Business_Growth_Plan'!E13^$E5))/'00_Cover_&_Control'!$B$12, 0) -> 19 | M5: =ROUNDUP(($F5*('01_Business_Growth_Plan'!F13^$E5))/'00_Cover_&_Control'!$B$12, 0) -> 24 | N5: =ROUNDUP(($F5*('01_Business_Growth_Plan'!G13^$E5))/'00_Cover_&_Control'!$B$12, 0) -> 30 | O5: =ROUNDUP(($F5*('01_Business_Growth_Plan'!H13^$E5))/'00_Cover_&_Control'!$B$12, 0) -> 38 | P5: =ROUNDUP(K5/'03_PT_Baseline_Data'!C8, 0) -> 4 | Q5: =ROUNDUP(L5/'03_PT_Baseline_Data'!C8, 0) -> 5 | R5: =ROUNDUP(M5/'03_PT_Baseline_Data'!C8, 0) -> 6 | S5: =ROUNDUP(N5/'03_PT_Baseline_Data'!C8, 0) -> 8 | T5: =ROUNDUP(O5/'03_PT_Baseline_Data'!C8, 0) -> 10
A6: 3 | B6: ='03_PT_Baseline_Data'!B9 -> lm-webstore | C6: =('03_PT_Baseline_Data'!F9*'03_PT_Baseline_Data'!C9*'03_PT_Baseline_Data'!E9)/100 -> 0.512 | D6: =('03_PT_Baseline_Data'!H9*'03_PT_Baseline_Data'!C9*'03_PT_Baseline_Data'!E9)/100 -> 2.944 | E6: =LN(D6/C6)/LN('03_PT_Baseline_Data'!$G$4/'03_PT_Baseline_Data'!$B$4) -> 1.7008386 | F6: =C6/('03_PT_Baseline_Data'!$B$4^E6) -> 4.5831193e-05 | G6: =('03_PT_Baseline_Data'!G9*'03_PT_Baseline_Data'!D9*'03_PT_Baseline_Data'!E9)/100 -> 7.68 | H6: =('03_PT_Baseline_Data'!I9*'03_PT_Baseline_Data'!D9*'03_PT_Baseline_Data'!E9)/100 -> 9.088 | I6: =LN(H6/G6)/LN('03_PT_Baseline_Data'!$G$4/'03_PT_Baseline_Data'!$B$4) -> 0.16368124 | J6: =G6/('03_PT_Baseline_Data'!$B$4^I6) -> 3.1317638 | K6: =ROUNDUP(($F6*('01_Business_Growth_Plan'!D13^$E6))/'00_Cover_&_Control'!$B$12, 0) -> 5 | L6: =ROUNDUP(($F6*('01_Business_Growth_Plan'!E13^$E6))/'00_Cover_&_Control'!$B$12, 0) -> 7 | M6: =ROUNDUP(($F6*('01_Business_Growth_Plan'!F13^$E6))/'00_Cover_&_Control'!$B$12, 0) -> 8 | N6: =ROUNDUP(($F6*('01_Business_Growth_Plan'!G13^$E6))/'00_Cover_&_Control'!$B$12, 0) -> 10 | O6: =ROUNDUP(($F6*('01_Business_Growth_Plan'!H13^$E6))/'00_Cover_&_Control'!$B$12, 0) -> 13 | P6: =ROUNDUP(K6/'03_PT_Baseline_Data'!C9, 0) -> 2 | Q6: =ROUNDUP(L6/'03_PT_Baseline_Data'!C9, 0) -> 2 | R6: =ROUNDUP(M6/'03_PT_Baseline_Data'!C9, 0) -> 2 | S6: =ROUNDUP(N6/'03_PT_Baseline_Data'!C9, 0) -> 3 | T6: =ROUNDUP(O6/'03_PT_Baseline_Data'!C9, 0) -> 4
A7: 4 | B7: ='03_PT_Baseline_Data'!B10 -> lm-payment | C7: =('03_PT_Baseline_Data'!F10*'03_PT_Baseline_Data'!C10*'03_PT_Baseline_Data'!E10)/100 -> 3.172 | D7: =('03_PT_Baseline_Data'!H10*'03_PT_Baseline_Data'!C10*'03_PT_Baseline_Data'!E10)/100 -> 17.784 | E7: =LN(D7/C7)/LN('03_PT_Baseline_Data'!$G$4/'03_PT_Baseline_Data'!$B$4) -> 1.676274 | F7: =C7/('03_PT_Baseline_Data'!$B$4^E7) -> 0.00032485501 | G7: =('03_PT_Baseline_Data'!G10*'03_PT_Baseline_Data'!D10*'03_PT_Baseline_Data'!E10)/100 -> 38.48 | H7: =('03_PT_Baseline_Data'!I10*'03_PT_Baseline_Data'!D10*'03_PT_Baseline_Data'!E10)/100 -> 44.512 | I7: =LN(H7/G7)/LN('03_PT_Baseline_Data'!$G$4/'03_PT_Baseline_Data'!$B$4) -> 0.14159413 | J7: =G7/('03_PT_Baseline_Data'!$B$4^I7) -> 17.710533 | K7: =ROUNDUP(($F7*('01_Business_Growth_Plan'!D13^$E7))/'00_Cover_&_Control'!$B$12, 0) -> 30 | L7: =ROUNDUP(($F7*('01_Business_Growth_Plan'!E13^$E7))/'00_Cover_&_Control'!$B$12, 0) -> 38 | M7: =ROUNDUP(($F7*('01_Business_Growth_Plan'!F13^$E7))/'00_Cover_&_Control'!$B$12, 0) -> 48 | N7: =ROUNDUP(($F7*('01_Business_Growth_Plan'!G13^$E7))/'00_Cover_&_Control'!$B$12, 0) -> 60 | O7: =ROUNDUP(($F7*('01_Business_Growth_Plan'!H13^$E7))/'00_Cover_&_Control'!$B$12, 0) -> 76 | P7: =ROUNDUP(K7/'03_PT_Baseline_Data'!C10, 0) -> 8 | Q7: =ROUNDUP(L7/'03_PT_Baseline_Data'!C10, 0) -> 10 | R7: =ROUNDUP(M7/'03_PT_Baseline_Data'!C10, 0) -> 12 | S7: =ROUNDUP(N7/'03_PT_Baseline_Data'!C10, 0) -> 15 | T7: =ROUNDUP(O7/'03_PT_Baseline_Data'!C10, 0) -> 19
A8: 5 | B8: ='03_PT_Baseline_Data'!B11 -> lm-scheduler | C8: =('03_PT_Baseline_Data'!F11*'03_PT_Baseline_Data'!C11*'03_PT_Baseline_Data'!E11)/100 -> 1.92 | D8: =('03_PT_Baseline_Data'!H11*'03_PT_Baseline_Data'!C11*'03_PT_Baseline_Data'!E11)/100 -> 4.48 | E8: =LN(D8/C8)/LN('03_PT_Baseline_Data'!$G$4/'03_PT_Baseline_Data'!$B$4) -> 0.82387205 | F8: =C8/('03_PT_Baseline_Data'!$B$4^E8) -> 0.021010239 | G8: =('03_PT_Baseline_Data'!G11*'03_PT_Baseline_Data'!D11*'03_PT_Baseline_Data'!E11)/100 -> 8 | H8: =('03_PT_Baseline_Data'!I11*'03_PT_Baseline_Data'!D11*'03_PT_Baseline_Data'!E11)/100 -> 9.6 | I8: =LN(H8/G8)/LN('03_PT_Baseline_Data'!$G$4/'03_PT_Baseline_Data'!$B$4) -> 0.17728079 | J8: =G8/('03_PT_Baseline_Data'!$B$4^I8) -> 3.0279585 | K8: =ROUNDUP(($F8*('01_Business_Growth_Plan'!D13^$E8))/'00_Cover_&_Control'!$B$12, 0) -> 10 | L8: =ROUNDUP(($F8*('01_Business_Growth_Plan'!E13^$E8))/'00_Cover_&_Control'!$B$12, 0) -> 11 | M8: =ROUNDUP(($F8*('01_Business_Growth_Plan'!F13^$E8))/'00_Cover_&_Control'!$B$12, 0) -> 12 | N8: =ROUNDUP(($F8*('01_Business_Growth_Plan'!G13^$E8))/'00_Cover_&_Control'!$B$12, 0) -> 13 | O8: =ROUNDUP(($F8*('01_Business_Growth_Plan'!H13^$E8))/'00_Cover_&_Control'!$B$12, 0) -> 15 | P8: =ROUNDUP(K8/'03_PT_Baseline_Data'!C11, 0) -> 1 | Q8: =ROUNDUP(L8/'03_PT_Baseline_Data'!C11, 0) -> 1 | R8: =ROUNDUP(M8/'03_PT_Baseline_Data'!C11, 0) -> 1 | S8: =ROUNDUP(N8/'03_PT_Baseline_Data'!C11, 0) -> 1 | T8: =ROUNDUP(O8/'03_PT_Baseline_Data'!C11, 0) -> 1
A9: 6 | B9: ='03_PT_Baseline_Data'!B12 -> lm-event | C9: =('03_PT_Baseline_Data'!F12*'03_PT_Baseline_Data'!C12*'03_PT_Baseline_Data'!E12)/100 -> 0.2 | D9: =('03_PT_Baseline_Data'!H12*'03_PT_Baseline_Data'!C12*'03_PT_Baseline_Data'!E12)/100 -> 1.128 | E9: =LN(D9/C9)/LN('03_PT_Baseline_Data'!$G$4/'03_PT_Baseline_Data'!$B$4) -> 1.6820568 | F9: =C9/('03_PT_Baseline_Data'!$B$4^E9) -> 1.9843717e-05 | G9: =('03_PT_Baseline_Data'!G12*'03_PT_Baseline_Data'!D12*'03_PT_Baseline_Data'!E12)/100 -> 3.2 | H9: =('03_PT_Baseline_Data'!I12*'03_PT_Baseline_Data'!D12*'03_PT_Baseline_Data'!E12)/100 -> 4 | I9: =LN(H9/G9)/LN('03_PT_Baseline_Data'!$G$4/'03_PT_Baseline_Data'!$B$4) -> 0.21697415 | J9: =G9/('03_PT_Baseline_Data'!$B$4^I9) -> 0.97439955 | K9: =ROUNDUP(($F9*('01_Business_Growth_Plan'!D13^$E9))/'00_Cover_&_Control'!$B$12, 0) -> 2 | L9: =ROUNDUP(($F9*('01_Business_Growth_Plan'!E13^$E9))/'00_Cover_&_Control'!$B$12, 0) -> 3 | M9: =ROUNDUP(($F9*('01_Business_Growth_Plan'!F13^$E9))/'00_Cover_&_Control'!$B$12, 0) -> 3 | N9: =ROUNDUP(($F9*('01_Business_Growth_Plan'!G13^$E9))/'00_Cover_&_Control'!$B$12, 0) -> 4 | O9: =ROUNDUP(($F9*('01_Business_Growth_Plan'!H13^$E9))/'00_Cover_&_Control'!$B$12, 0) -> 5 | P9: =ROUNDUP(K9/'03_PT_Baseline_Data'!C12, 0) -> 1 | Q9: =ROUNDUP(L9/'03_PT_Baseline_Data'!C12, 0) -> 1 | R9: =ROUNDUP(M9/'03_PT_Baseline_Data'!C12, 0) -> 1 | S9: =ROUNDUP(N9/'03_PT_Baseline_Data'!C12, 0) -> 1 | T9: =ROUNDUP(O9/'03_PT_Baseline_Data'!C12, 0) -> 2
A10: 7 | B10: ='03_PT_Baseline_Data'!B13 -> lm-fnb | C10: =('03_PT_Baseline_Data'!F13*'03_PT_Baseline_Data'!C13*'03_PT_Baseline_Data'!E13)/100 -> 0.168 | D10: =('03_PT_Baseline_Data'!H13*'03_PT_Baseline_Data'!C13*'03_PT_Baseline_Data'!E13)/100 -> 0.992 | E10: =LN(D10/C10)/LN('03_PT_Baseline_Data'!$G$4/'03_PT_Baseline_Data'!$B$4) -> 1.7266635 | F10: =C10/('03_PT_Baseline_Data'!$B$4^E10) -> 1.3053751e-05 | G10: =('03_PT_Baseline_Data'!G13*'03_PT_Baseline_Data'!D13*'03_PT_Baseline_Data'!E13)/100 -> 3.04 | H10: =('03_PT_Baseline_Data'!I13*'03_PT_Baseline_Data'!D13*'03_PT_Baseline_Data'!E13)/100 -> 3.584 | I10: =LN(H10/G10)/LN('03_PT_Baseline_Data'!$G$4/'03_PT_Baseline_Data'!$B$4) -> 0.16007057 | J10: =G10/('03_PT_Baseline_Data'!$B$4^I10) -> 1.2644306 | K10: =ROUNDUP(($F10*('01_Business_Growth_Plan'!D13^$E10))/'00_Cover_&_Control'!$B$12, 0) -> 2 | L10: =ROUNDUP(($F10*('01_Business_Growth_Plan'!E13^$E10))/'00_Cover_&_Control'!$B$12, 0) -> 3 | M10: =ROUNDUP(($F10*('01_Business_Growth_Plan'!F13^$E10))/'00_Cover_&_Control'!$B$12, 0) -> 3 | N10: =ROUNDUP(($F10*('01_Business_Growth_Plan'!G13^$E10))/'00_Cover_&_Control'!$B$12, 0) -> 4 | O10: =ROUNDUP(($F10*('01_Business_Growth_Plan'!H13^$E10))/'00_Cover_&_Control'!$B$12, 0) -> 5 | P10: =ROUNDUP(K10/'03_PT_Baseline_Data'!C13, 0) -> 1 | Q10: =ROUNDUP(L10/'03_PT_Baseline_Data'!C13, 0) -> 1 | R10: =ROUNDUP(M10/'03_PT_Baseline_Data'!C13, 0) -> 1 | S10: =ROUNDUP(N10/'03_PT_Baseline_Data'!C13, 0) -> 1 | T10: =ROUNDUP(O10/'03_PT_Baseline_Data'!C13, 0) -> 2
A11: 8 | B11: ='03_PT_Baseline_Data'!B14 -> lm-kiosk | C11: =('03_PT_Baseline_Data'!F14*'03_PT_Baseline_Data'!C14*'03_PT_Baseline_Data'!E14)/100 -> 0.144 | D11: =('03_PT_Baseline_Data'!H14*'03_PT_Baseline_Data'!C14*'03_PT_Baseline_Data'!E14)/100 -> 0.84 | E11: =LN(D11/C11)/LN('03_PT_Baseline_Data'!$G$4/'03_PT_Baseline_Data'!$B$4) -> 1.7148295 | F11: =C11/('03_PT_Baseline_Data'!$B$4^E11) -> 1.1938627e-05 | G11: =('03_PT_Baseline_Data'!G14*'03_PT_Baseline_Data'!D14*'03_PT_Baseline_Data'!E14)/100 -> 2.56 | H11: =('03_PT_Baseline_Data'!I14*'03_PT_Baseline_Data'!D14*'03_PT_Baseline_Data'!E14)/100 -> 3.136 | I11: =LN(H11/G11)/LN('03_PT_Baseline_Data'!$G$4/'03_PT_Baseline_Data'!$B$4) -> 0.19733 | J11: =G11/('03_PT_Baseline_Data'!$B$4^I11) -> 0.86812336 | K11: =ROUNDUP(($F11*('01_Business_Growth_Plan'!D13^$E11))/'00_Cover_&_Control'!$B$12, 0) -> 2 | L11: =ROUNDUP(($F11*('01_Business_Growth_Plan'!E13^$E11))/'00_Cover_&_Control'!$B$12, 0) -> 2 | M11: =ROUNDUP(($F11*('01_Business_Growth_Plan'!F13^$E11))/'00_Cover_&_Control'!$B$12, 0) -> 3 | N11: =ROUNDUP(($F11*('01_Business_Growth_Plan'!G13^$E11))/'00_Cover_&_Control'!$B$12, 0) -> 3 | O11: =ROUNDUP(($F11*('01_Business_Growth_Plan'!H13^$E11))/'00_Cover_&_Control'!$B$12, 0) -> 4 | P11: =ROUNDUP(K11/'03_PT_Baseline_Data'!C14, 0) -> 1 | Q11: =ROUNDUP(L11/'03_PT_Baseline_Data'!C14, 0) -> 1 | R11: =ROUNDUP(M11/'03_PT_Baseline_Data'!C14, 0) -> 1 | S11: =ROUNDUP(N11/'03_PT_Baseline_Data'!C14, 0) -> 1 | T11: =ROUNDUP(O11/'03_PT_Baseline_Data'!C14, 0) -> 1
A12: 9 | B12: ='03_PT_Baseline_Data'!B15 -> lm-syscore | C12: =('03_PT_Baseline_Data'!F15*'03_PT_Baseline_Data'!C15*'03_PT_Baseline_Data'!E15)/100 -> 0.28 | D12: =('03_PT_Baseline_Data'!H15*'03_PT_Baseline_Data'!C15*'03_PT_Baseline_Data'!E15)/100 -> 1.536 | E12: =LN(D12/C12)/LN('03_PT_Baseline_Data'!$G$4/'03_PT_Baseline_Data'!$B$4) -> 1.6550869 | F12: =C12/('03_PT_Baseline_Data'!$B$4^E12) -> 3.2206328e-05 | G12: =('03_PT_Baseline_Data'!G15*'03_PT_Baseline_Data'!D15*'03_PT_Baseline_Data'!E15)/100 -> 3.52 | H12: =('03_PT_Baseline_Data'!I15*'03_PT_Baseline_Data'!D15*'03_PT_Baseline_Data'!E15)/100 -> 4.32 | I12: =LN(H12/G12)/LN('03_PT_Baseline_Data'!$G$4/'03_PT_Baseline_Data'!$B$4) -> 0.19913232 | J12: =G12/('03_PT_Baseline_Data'!$B$4^I12) -> 1.1819375 | K12: =ROUNDUP(($F12*('01_Business_Growth_Plan'!D13^$E12))/'00_Cover_&_Control'!$B$12, 0) -> 3 | L12: =ROUNDUP(($F12*('01_Business_Growth_Plan'!E13^$E12))/'00_Cover_&_Control'!$B$12, 0) -> 4 | M12: =ROUNDUP(($F12*('01_Business_Growth_Plan'!F13^$E12))/'00_Cover_&_Control'!$B$12, 0) -> 5 | N12: =ROUNDUP(($F12*('01_Business_Growth_Plan'!G13^$E12))/'00_Cover_&_Control'!$B$12, 0) -> 6 | O12: =ROUNDUP(($F12*('01_Business_Growth_Plan'!H13^$E12))/'00_Cover_&_Control'!$B$12, 0) -> 7 | P12: =ROUNDUP(K12/'03_PT_Baseline_Data'!C15, 0) -> 1 | Q12: =ROUNDUP(L12/'03_PT_Baseline_Data'!C15, 0) -> 1 | R12: =ROUNDUP(M12/'03_PT_Baseline_Data'!C15, 0) -> 2 | S12: =ROUNDUP(N12/'03_PT_Baseline_Data'!C15, 0) -> 2 | T12: =ROUNDUP(O12/'03_PT_Baseline_Data'!C15, 0) -> 2
A13: 10 | B13: ='03_PT_Baseline_Data'!B16 -> lm-report | C13: =('03_PT_Baseline_Data'!F16*'03_PT_Baseline_Data'!C16*'03_PT_Baseline_Data'!E16)/100 -> 0.64 | D13: =('03_PT_Baseline_Data'!H16*'03_PT_Baseline_Data'!C16*'03_PT_Baseline_Data'!E16)/100 -> 3.36 | E13: =LN(D13/C13)/LN('03_PT_Baseline_Data'!$G$4/'03_PT_Baseline_Data'!$B$4) -> 1.6123819 | F13: =C13/('03_PT_Baseline_Data'!$B$4^E13) -> 9.3025886e-05 | G13: =('03_PT_Baseline_Data'!G16*'03_PT_Baseline_Data'!D16*'03_PT_Baseline_Data'!E16)/100 -> 7.04 | H13: =('03_PT_Baseline_Data'!I16*'03_PT_Baseline_Data'!D16*'03_PT_Baseline_Data'!E16)/100 -> 8.32 | I13: =LN(H13/G13)/LN('03_PT_Baseline_Data'!$G$4/'03_PT_Baseline_Data'!$B$4) -> 0.16243543 | J13: =G13/('03_PT_Baseline_Data'!$B$4^I13) -> 2.8904506 | K13: =ROUNDUP(($F13*('01_Business_Growth_Plan'!D13^$E13))/'00_Cover_&_Control'!$B$12, 0) -> 6 | L13: =ROUNDUP(($F13*('01_Business_Growth_Plan'!E13^$E13))/'00_Cover_&_Control'!$B$12, 0) -> 8 | M13: =ROUNDUP(($F13*('01_Business_Growth_Plan'!F13^$E13))/'00_Cover_&_Control'!$B$12, 0) -> 9 | N13: =ROUNDUP(($F13*('01_Business_Growth_Plan'!G13^$E13))/'00_Cover_&_Control'!$B$12, 0) -> 12 | O13: =ROUNDUP(($F13*('01_Business_Growth_Plan'!H13^$E13))/'00_Cover_&_Control'!$B$12, 0) -> 14 | P13: =ROUNDUP(K13/'03_PT_Baseline_Data'!C16, 0) -> 2 | Q13: =ROUNDUP(L13/'03_PT_Baseline_Data'!C16, 0) -> 2 | R13: =ROUNDUP(M13/'03_PT_Baseline_Data'!C16, 0) -> 3 | S13: =ROUNDUP(N13/'03_PT_Baseline_Data'!C16, 0) -> 3 | T13: =ROUNDUP(O13/'03_PT_Baseline_Data'!C16, 0) -> 4
A14: 11 | B14: ='03_PT_Baseline_Data'!B17 -> lm-authentication | C14: =('03_PT_Baseline_Data'!F17*'03_PT_Baseline_Data'!C17*'03_PT_Baseline_Data'!E17)/100 -> 0.336 | D14: =('03_PT_Baseline_Data'!H17*'03_PT_Baseline_Data'!C17*'03_PT_Baseline_Data'!E17)/100 -> 1.768 | E14: =LN(D14/C14)/LN('03_PT_Baseline_Data'!$G$4/'03_PT_Baseline_Data'!$B$4) -> 1.6145843 | F14: =C14/('03_PT_Baseline_Data'!$B$4^E14) -> 4.8252664e-05 | G14: =('03_PT_Baseline_Data'!G17*'03_PT_Baseline_Data'!D17*'03_PT_Baseline_Data'!E17)/100 -> 4.8 | H14: =('03_PT_Baseline_Data'!I17*'03_PT_Baseline_Data'!D17*'03_PT_Baseline_Data'!E17)/100 -> 5.6 | I14: =LN(H14/G14)/LN('03_PT_Baseline_Data'!$G$4/'03_PT_Baseline_Data'!$B$4) -> 0.14988877 | J14: =G14/('03_PT_Baseline_Data'!$B$4^I14) -> 2.1110377 | K14: =ROUNDUP(($F14*('01_Business_Growth_Plan'!D13^$E14))/'00_Cover_&_Control'!$B$12, 0) -> 3 | L14: =ROUNDUP(($F14*('01_Business_Growth_Plan'!E13^$E14))/'00_Cover_&_Control'!$B$12, 0) -> 4 | M14: =ROUNDUP(($F14*('01_Business_Growth_Plan'!F13^$E14))/'00_Cover_&_Control'!$B$12, 0) -> 5 | N14: =ROUNDUP(($F14*('01_Business_Growth_Plan'!G13^$E14))/'00_Cover_&_Control'!$B$12, 0) -> 6 | O14: =ROUNDUP(($F14*('01_Business_Growth_Plan'!H13^$E14))/'00_Cover_&_Control'!$B$12, 0) -> 8 | P14: =ROUNDUP(K14/'03_PT_Baseline_Data'!C17, 0) -> 1 | Q14: =ROUNDUP(L14/'03_PT_Baseline_Data'!C17, 0) -> 1 | R14: =ROUNDUP(M14/'03_PT_Baseline_Data'!C17, 0) -> 2 | S14: =ROUNDUP(N14/'03_PT_Baseline_Data'!C17, 0) -> 2 | T14: =ROUNDUP(O14/'03_PT_Baseline_Data'!C17, 0) -> 2
A15: 12 | B15: ='03_PT_Baseline_Data'!B18 -> lm-lending | C15: =('03_PT_Baseline_Data'!F18*'03_PT_Baseline_Data'!C18*'03_PT_Baseline_Data'!E18)/100 -> 0.224 | D15: =('03_PT_Baseline_Data'!H18*'03_PT_Baseline_Data'!C18*'03_PT_Baseline_Data'!E18)/100 -> 1.248 | E15: =LN(D15/C15)/LN('03_PT_Baseline_Data'!$G$4/'03_PT_Baseline_Data'!$B$4) -> 1.6701624 | F15: =C15/('03_PT_Baseline_Data'!$B$4^E15) -> 2.3721952e-05 | G15: =('03_PT_Baseline_Data'!G18*'03_PT_Baseline_Data'!D18*'03_PT_Baseline_Data'!E18)/100 -> 3.84 | H15: =('03_PT_Baseline_Data'!I18*'03_PT_Baseline_Data'!D18*'03_PT_Baseline_Data'!E18)/100 -> 4.48 | I15: =LN(H15/G15)/LN('03_PT_Baseline_Data'!$G$4/'03_PT_Baseline_Data'!$B$4) -> 0.14988877 | J15: =G15/('03_PT_Baseline_Data'!$B$4^I15) -> 1.6888302 | K15: =ROUNDUP(($F15*('01_Business_Growth_Plan'!D13^$E15))/'00_Cover_&_Control'!$B$12, 0) -> 3 | L15: =ROUNDUP(($F15*('01_Business_Growth_Plan'!E13^$E15))/'00_Cover_&_Control'!$B$12, 0) -> 3 | M15: =ROUNDUP(($F15*('01_Business_Growth_Plan'!F13^$E15))/'00_Cover_&_Control'!$B$12, 0) -> 4 | N15: =ROUNDUP(($F15*('01_Business_Growth_Plan'!G13^$E15))/'00_Cover_&_Control'!$B$12, 0) -> 5 | O15: =ROUNDUP(($F15*('01_Business_Growth_Plan'!H13^$E15))/'00_Cover_&_Control'!$B$12, 0) -> 6 | P15: =ROUNDUP(K15/'03_PT_Baseline_Data'!C18, 0) -> 1 | Q15: =ROUNDUP(L15/'03_PT_Baseline_Data'!C18, 0) -> 1 | R15: =ROUNDUP(M15/'03_PT_Baseline_Data'!C18, 0) -> 1 | S15: =ROUNDUP(N15/'03_PT_Baseline_Data'!C18, 0) -> 2 | T15: =ROUNDUP(O15/'03_PT_Baseline_Data'!C18, 0) -> 2
A16: 13 | B16: ='03_PT_Baseline_Data'!B19 -> Nginx Ingress | C16: =('03_PT_Baseline_Data'!F19*'03_PT_Baseline_Data'!C19*'03_PT_Baseline_Data'!E19)/100 -> 0.6 | D16: =('03_PT_Baseline_Data'!H19*'03_PT_Baseline_Data'!C19*'03_PT_Baseline_Data'!E19)/100 -> 1.6416 | E16: =LN(D16/C16)/LN('03_PT_Baseline_Data'!$G$4/'03_PT_Baseline_Data'!$B$4) -> 0.97866971 | F16: =C16/('03_PT_Baseline_Data'!$B$4^E16) -> 0.0028109448 | G16: =('03_PT_Baseline_Data'!G19*'03_PT_Baseline_Data'!D19*'03_PT_Baseline_Data'!E19)/100 -> 4 | H16: =('03_PT_Baseline_Data'!I19*'03_PT_Baseline_Data'!D19*'03_PT_Baseline_Data'!E19)/100 -> 4.736 | I16: =LN(H16/G16)/LN('03_PT_Baseline_Data'!$G$4/'03_PT_Baseline_Data'!$B$4) -> 0.16422889 | J16: =G16/('03_PT_Baseline_Data'!$B$4^I16) -> 1.6262388 | K16: =ROUNDUP(($F16*('01_Business_Growth_Plan'!D13^$E16))/'00_Cover_&_Control'!$B$12, 0) -> 4 | L16: =ROUNDUP(($F16*('01_Business_Growth_Plan'!E13^$E16))/'00_Cover_&_Control'!$B$12, 0) -> 4 | M16: =ROUNDUP(($F16*('01_Business_Growth_Plan'!F13^$E16))/'00_Cover_&_Control'!$B$12, 0) -> 5 | N16: =ROUNDUP(($F16*('01_Business_Growth_Plan'!G13^$E16))/'00_Cover_&_Control'!$B$12, 0) -> 5 | O16: =ROUNDUP(($F16*('01_Business_Growth_Plan'!H13^$E16))/'00_Cover_&_Control'!$B$12, 0) -> 6 | P16: =ROUNDUP(K16/'03_PT_Baseline_Data'!C19, 0) -> 1 | Q16: =ROUNDUP(L16/'03_PT_Baseline_Data'!C19, 0) -> 1 | R16: =ROUNDUP(M16/'03_PT_Baseline_Data'!C19, 0) -> 1 | S16: =ROUNDUP(N16/'03_PT_Baseline_Data'!C19, 0) -> 1 | T16: =ROUNDUP(O16/'03_PT_Baseline_Data'!C19, 0) -> 1
A17: 14 | B17: ='03_PT_Baseline_Data'!B20 -> Redis Cache Cluster | C17: =('03_PT_Baseline_Data'!F20*'03_PT_Baseline_Data'!C20*'03_PT_Baseline_Data'!E20)/100 -> 1.08 | D17: =('03_PT_Baseline_Data'!H20*'03_PT_Baseline_Data'!C20*'03_PT_Baseline_Data'!E20)/100 -> 4.44 | E17: =LN(D17/C17)/LN('03_PT_Baseline_Data'!$G$4/'03_PT_Baseline_Data'!$B$4) -> 1.374608 | F17: =C17/('03_PT_Baseline_Data'!$B$4^E17) -> 0.00057778377 | G17: =('03_PT_Baseline_Data'!G20*'03_PT_Baseline_Data'!D20*'03_PT_Baseline_Data'!E20)/100 -> 13.44 | H17: =('03_PT_Baseline_Data'!I20*'03_PT_Baseline_Data'!D20*'03_PT_Baseline_Data'!E20)/100 -> 21.6 | I17: =LN(H17/G17)/LN('03_PT_Baseline_Data'!$G$4/'03_PT_Baseline_Data'!$B$4) -> 0.46134032 | J17: =G17/('03_PT_Baseline_Data'!$B$4^I17) -> 1.0724539 | K17: =ROUNDUP(($F17*('01_Business_Growth_Plan'!D13^$E17))/'00_Cover_&_Control'!$B$12, 0) -> 8 | L17: =ROUNDUP(($F17*('01_Business_Growth_Plan'!E13^$E17))/'00_Cover_&_Control'!$B$12, 0) -> 10 | M17: =ROUNDUP(($F17*('01_Business_Growth_Plan'!F13^$E17))/'00_Cover_&_Control'!$B$12, 0) -> 12 | N17: =ROUNDUP(($F17*('01_Business_Growth_Plan'!G13^$E17))/'00_Cover_&_Control'!$B$12, 0) -> 15 | O17: =ROUNDUP(($F17*('01_Business_Growth_Plan'!H13^$E17))/'00_Cover_&_Control'!$B$12, 0) -> 18 | P17: =ROUNDUP(K17/'03_PT_Baseline_Data'!C20, 0) -> 1 | Q17: =ROUNDUP(L17/'03_PT_Baseline_Data'!C20, 0) -> 2 | R17: =ROUNDUP(M17/'03_PT_Baseline_Data'!C20, 0) -> 2 | S17: =ROUNDUP(N17/'03_PT_Baseline_Data'!C20, 0) -> 2 | T17: =ROUNDUP(O17/'03_PT_Baseline_Data'!C20, 0) -> 3
A18: 15 | B18: ='03_PT_Baseline_Data'!B21 -> Kafka Brokers | C18: =('03_PT_Baseline_Data'!F21*'03_PT_Baseline_Data'!C21*'03_PT_Baseline_Data'!E21)/100 -> 3.936 | D18: =('03_PT_Baseline_Data'!H21*'03_PT_Baseline_Data'!C21*'03_PT_Baseline_Data'!E21)/100 -> 12.672 | E18: =LN(D18/C18)/LN('03_PT_Baseline_Data'!$G$4/'03_PT_Baseline_Data'!$B$4) -> 1.1369034 | F18: =C18/('03_PT_Baseline_Data'!$B$4^E18) -> 0.0077472844 | G18: =('03_PT_Baseline_Data'!G21*'03_PT_Baseline_Data'!D21*'03_PT_Baseline_Data'!E21)/100 -> 33.6 | H18: =('03_PT_Baseline_Data'!I21*'03_PT_Baseline_Data'!D21*'03_PT_Baseline_Data'!E21)/100 -> 46.08 | I18: =LN(H18/G18)/LN('03_PT_Baseline_Data'!$G$4/'03_PT_Baseline_Data'!$B$4) -> 0.30712035 | J18: =G18/('03_PT_Baseline_Data'!$B$4^I18) -> 6.2426995 | K18: =ROUNDUP(($F18*('01_Business_Growth_Plan'!D13^$E18))/'00_Cover_&_Control'!$B$12, 0) -> 25 | L18: =ROUNDUP(($F18*('01_Business_Growth_Plan'!E13^$E18))/'00_Cover_&_Control'!$B$12, 0) -> 29 | M18: =ROUNDUP(($F18*('01_Business_Growth_Plan'!F13^$E18))/'00_Cover_&_Control'!$B$12, 0) -> 34 | N18: =ROUNDUP(($F18*('01_Business_Growth_Plan'!G13^$E18))/'00_Cover_&_Control'!$B$12, 0) -> 39 | O18: =ROUNDUP(($F18*('01_Business_Growth_Plan'!H13^$E18))/'00_Cover_&_Control'!$B$12, 0) -> 46 | P18: =ROUNDUP(K18/'03_PT_Baseline_Data'!C21, 0) -> 2 | Q18: =ROUNDUP(L18/'03_PT_Baseline_Data'!C21, 0) -> 2 | R18: =ROUNDUP(M18/'03_PT_Baseline_Data'!C21, 0) -> 3 | S18: =ROUNDUP(N18/'03_PT_Baseline_Data'!C21, 0) -> 3 | T18: =ROUNDUP(O18/'03_PT_Baseline_Data'!C21, 0) -> 3
A19: 16 | B19: ='03_PT_Baseline_Data'!B22 -> Elasticsearch Data | C19: =('03_PT_Baseline_Data'!F22*'03_PT_Baseline_Data'!C22*'03_PT_Baseline_Data'!E22)/100 -> 2.4 | D19: =('03_PT_Baseline_Data'!H22*'03_PT_Baseline_Data'!C22*'03_PT_Baseline_Data'!E22)/100 -> 7.68 | E19: =LN(D19/C19)/LN('03_PT_Baseline_Data'!$G$4/'03_PT_Baseline_Data'!$B$4) -> 1.1309924 | F19: =C19/('03_PT_Baseline_Data'!$B$4^E19) -> 0.004879487 | G19: =('03_PT_Baseline_Data'!G22*'03_PT_Baseline_Data'!D22*'03_PT_Baseline_Data'!E22)/100 -> 35.2 | H19: =('03_PT_Baseline_Data'!I22*'03_PT_Baseline_Data'!D22*'03_PT_Baseline_Data'!E22)/100 -> 43.52 | I19: =LN(H19/G19)/LN('03_PT_Baseline_Data'!$G$4/'03_PT_Baseline_Data'!$B$4) -> 0.20630839 | J19: =G19/('03_PT_Baseline_Data'!$B$4^I19) -> 11.363575 | K19: =ROUNDUP(($F19*('01_Business_Growth_Plan'!D13^$E19))/'00_Cover_&_Control'!$B$12, 0) -> 15 | L19: =ROUNDUP(($F19*('01_Business_Growth_Plan'!E13^$E19))/'00_Cover_&_Control'!$B$12, 0) -> 18 | M19: =ROUNDUP(($F19*('01_Business_Growth_Plan'!F13^$E19))/'00_Cover_&_Control'!$B$12, 0) -> 21 | N19: =ROUNDUP(($F19*('01_Business_Growth_Plan'!G13^$E19))/'00_Cover_&_Control'!$B$12, 0) -> 24 | O19: =ROUNDUP(($F19*('01_Business_Growth_Plan'!H13^$E19))/'00_Cover_&_Control'!$B$12, 0) -> 28 | P19: =ROUNDUP(K19/'03_PT_Baseline_Data'!C22, 0) -> 2 | Q19: =ROUNDUP(L19/'03_PT_Baseline_Data'!C22, 0) -> 3 | R19: =ROUNDUP(M19/'03_PT_Baseline_Data'!C22, 0) -> 3 | S19: =ROUNDUP(N19/'03_PT_Baseline_Data'!C22, 0) -> 3 | T19: =ROUNDUP(O19/'03_PT_Baseline_Data'!C22, 0) -> 4
A20: 17 | B20: ='03_PT_Baseline_Data'!B23 -> Database Data Tier | C20: =('03_PT_Baseline_Data'!F23*'03_PT_Baseline_Data'!C23*'03_PT_Baseline_Data'!E23)/100 -> 7.04 | D20: =('03_PT_Baseline_Data'!H23*'03_PT_Baseline_Data'!C23*'03_PT_Baseline_Data'!E23)/100 -> 21.76 | E20: =LN(D20/C20)/LN('03_PT_Baseline_Data'!$G$4/'03_PT_Baseline_Data'!$B$4) -> 1.0972658 | F20: =C20/('03_PT_Baseline_Data'!$B$4^E20) -> 0.017218967 | G20: =('03_PT_Baseline_Data'!G23*'03_PT_Baseline_Data'!D23*'03_PT_Baseline_Data'!E23)/100 -> 307.2 | H20: =('03_PT_Baseline_Data'!I23*'03_PT_Baseline_Data'!D23*'03_PT_Baseline_Data'!E23)/100 -> 399.36 | I20: =LN(H20/G20)/LN('03_PT_Baseline_Data'!$G$4/'03_PT_Baseline_Data'!$B$4) -> 0.2551105 | J20: =G20/('03_PT_Baseline_Data'!$B$4^I20) -> 75.899909 | K20: =ROUNDUP(($F20*('01_Business_Growth_Plan'!D13^$E20))/'00_Cover_&_Control'!$B$12, 0) -> 42 | L20: =ROUNDUP(($F20*('01_Business_Growth_Plan'!E13^$E20))/'00_Cover_&_Control'!$B$12, 0) -> 49 | M20: =ROUNDUP(($F20*('01_Business_Growth_Plan'!F13^$E20))/'00_Cover_&_Control'!$B$12, 0) -> 57 | N20: =ROUNDUP(($F20*('01_Business_Growth_Plan'!G13^$E20))/'00_Cover_&_Control'!$B$12, 0) -> 66 | O20: =ROUNDUP(($F20*('01_Business_Growth_Plan'!H13^$E20))/'00_Cover_&_Control'!$B$12, 0) -> 77 | P20: =ROUNDUP(K20/'03_PT_Baseline_Data'!C23, 0) -> 2 | Q20: =ROUNDUP(L20/'03_PT_Baseline_Data'!C23, 0) -> 2 | R20: =ROUNDUP(M20/'03_PT_Baseline_Data'!C23, 0) -> 2 | S20: =ROUNDUP(N20/'03_PT_Baseline_Data'!C23, 0) -> 3 | T20: =ROUNDUP(O20/'03_PT_Baseline_Data'!C23, 0) -> 3
A21: 18 | B21: ='03_PT_Baseline_Data'!B24 -> Database System Tier | C21: =('03_PT_Baseline_Data'!F24*'03_PT_Baseline_Data'!C24*'03_PT_Baseline_Data'!E24)/100 -> 4.48 | D21: =('03_PT_Baseline_Data'!H24*'03_PT_Baseline_Data'!C24*'03_PT_Baseline_Data'!E24)/100 -> 13.44 | E21: =LN(D21/C21)/LN('03_PT_Baseline_Data'!$G$4/'03_PT_Baseline_Data'!$B$4) -> 1.0682382 | F21: =C21/('03_PT_Baseline_Data'!$B$4^E21) -> 0.012846951 | G21: =('03_PT_Baseline_Data'!G24*'03_PT_Baseline_Data'!D24*'03_PT_Baseline_Data'!E24)/100 -> 230.4 | H21: =('03_PT_Baseline_Data'!I24*'03_PT_Baseline_Data'!D24*'03_PT_Baseline_Data'!E24)/100 -> 296.96 | I21: =LN(H21/G21)/LN('03_PT_Baseline_Data'!$G$4/'03_PT_Baseline_Data'!$B$4) -> 0.24676408 | J21: =G21/('03_PT_Baseline_Data'!$B$4^I21) -> 59.589201 | K21: =ROUNDUP(($F21*('01_Business_Growth_Plan'!D13^$E21))/'00_Cover_&_Control'!$B$12, 0) -> 26 | L21: =ROUNDUP(($F21*('01_Business_Growth_Plan'!E13^$E21))/'00_Cover_&_Control'!$B$12, 0) -> 31 | M21: =ROUNDUP(($F21*('01_Business_Growth_Plan'!F13^$E21))/'00_Cover_&_Control'!$B$12, 0) -> 35 | N21: =ROUNDUP(($F21*('01_Business_Growth_Plan'!G13^$E21))/'00_Cover_&_Control'!$B$12, 0) -> 41 | O21: =ROUNDUP(($F21*('01_Business_Growth_Plan'!H13^$E21))/'00_Cover_&_Control'!$B$12, 0) -> 48 | P21: =ROUNDUP(K21/'03_PT_Baseline_Data'!C24, 0) -> 1 | Q21: =ROUNDUP(L21/'03_PT_Baseline_Data'!C24, 0) -> 1 | R21: =ROUNDUP(M21/'03_PT_Baseline_Data'!C24, 0) -> 2 | S21: =ROUNDUP(N21/'03_PT_Baseline_Data'!C24, 0) -> 2 | T21: =ROUNDUP(O21/'03_PT_Baseline_Data'!C24, 0) -> 2

Sheet 06_Database_Capacity
A1: DATABASE TIER CAPACITY & 5-YEAR STORAGE FORECAST
A3: Database Component | B3: Host / Spec | C3: Baseline Storage 2025 (GB) | D3: Daily Trx 2025 | E3: Avg Row Size (KB) | F3: Index Overhead (%) | G3: Annual Data Growth (GB) | H3: 2026 Disk (GB) | I3: 2027 Disk (GB) | J3: 2028 Disk (GB) | K3: 2029 Disk (GB) | L3: RAM Sizing (GB)
A4: Livin SQL Data DB 1 (Primary) | B4: Standard_E16ds_v5 (16 vCPU) | C4: 5248 | D4: 15000000 | E4: 1.5 | F4: 0.3 | G4: =(D4*E4*(1+F4)*365)/1024/1024 -> 10181.665 | H4: =C4+G4 -> 15429.665 | I4: =H4+G4 -> 25611.331 | J4: =I4+G4 -> 35792.996 | K4: =J4+G4 -> 45974.662 | L4: 128
A5: Livin SQL Data DB 2 (Secondary) | B5: Standard_E16ds_v5 (16 vCPU) | C5: 5248 | D5: 15000000 | E5: 1.5 | F5: 0.3 | G5: =(D5*E5*(1+F5)*365)/1024/1024 -> 10181.665 | H5: =C5+G5 -> 15429.665 | I5: =H5+G5 -> 25611.331 | J5: =I5+G5 -> 35792.996 | K5: =J5+G5 -> 45974.662 | L5: 128
A6: Livin System DB | B6: Standard_E16ds_v5 (16 vCPU) | C6: 1024 | D6: 5000000 | E6: 0.8 | F6: 0.25 | G6: =(D6*E6*(1+F6)*365)/1024/1024 -> 1740.4556 | H6: =C6+G6 -> 2764.4556 | I6: =H6+G6 -> 4504.9113 | J6: =I6+G6 -> 6245.3669 | K6: =J6+G6 -> 7985.8225 | L6: 128
A7: Oracle RAC Database 1 (RMT) | B7: Baremetal 64 Core | C7: 8000 | D7: 2000000 | E7: 2.5 | F7: 0.35 | G7: =(D7*E7*(1+F7)*365)/1024/1024 -> 2349.6151 | H7: =C7+G7 -> 10349.615 | I7: =H7+G7 -> 12699.23 | J7: =I7+G7 -> 15048.845 | K7: =J7+G7 -> 17398.46 | L7: 1024
A8: Oracle RAC Database 2 (RMT) | B8: Baremetal 64 Core | C8: 8000 | D8: 2000000 | E8: 2.5 | F8: 0.35 | G8: =(D8*E8*(1+F8)*365)/1024/1024 -> 2349.6151 | H8: =C8+G8 -> 10349.615 | I8: =H8+G8 -> 12699.23 | J8: =I8+G8 -> 15048.845 | K8: =J8+G8 -> 17398.46 | L8: 1024

Sheet 07_Redis_&_Middleware
A1: REDIS IN-MEMORY CACHE & MIDDLEWARE CLUSTER SIZING
A3: 1. Redis Cache In-Memory Sizing Model
A4: Parameter Cache | B4: Nilai | C4: Satuan | D4: Formula & Keterangan
A5: Total Active Session Keys | B5: 10000000 | C5: Keys | D5: Estimasi Total Key Sesi Aktif
A6: Average Payload per Key | B6: 4.5 | C6: KB | D6: Rata-rata Ukuran JSON Data Key
A7: Dictionary & Internal Overhead | B7: 0.2 | C7: Percentage | D7: Overhead Memori Redis Internal (20%)
A8: Replication Factor (Primary + Replica) | B8: 2 | C8: Factor | D8: Dual Node HA Replication (1 Primary + 1 Replica)
A9: Target Maximum Memory Utilization | B9: 0.7 | C9: Percentage | D9: Max Memory Limit (70% Max Eviction Threshold)
A10: Calculated Total Redis Memory Needed | B10: =((B5*B6*(1+B7))/1024/1024)*B8/B9 -> 147.13832 | C10: GB | D10: Total Memory Cluster Redis yang Dibutuhkan

Sheet 09_Hardware_BOM_Summary
A1: CONSOLIDATED HARDWARE BILL OF MATERIALS (BOM) & INFRASTRUCTURE SUMMARY
A3: No | B3: System / Tier Component | C3: Environment | D3: Node Qty 2025 | E3: Node Qty 2029 | F3: vCPU / Node | G3: RAM GB / Node | H3: Storage GB / Node | I3: Total vCPU 2029 | J3: Total RAM GB 2029 | K3: Total Storage GB 2029 | L3: License Requirement
A4: 1 | B4: lm-apicore Microservice | C4: OCP Worker | D4: 20 | E4: ='04_Extrapolation_Engine'!P4 -> 11 | F4: 4 | G4: 16 | H4: 100 | I4: =E4*F4 -> 44 | J4: =E4*G4 -> 176 | K4: =E4*H4 -> 1100 | L4: OpenShift Subscription
A5: 2 | B5: lm-checkout Microservice | C5: OCP Worker | D5: 9 | E5: ='04_Extrapolation_Engine'!P5 -> 4 | F5: 4 | G5: 16 | H5: 100 | I5: =E5*F5 -> 16 | J5: =E5*G5 -> 64 | K5: =E5*H5 -> 400 | L5: OpenShift Subscription
A6: 3 | B6: lm-webstore Microservice | C6: OCP Worker | D6: 4 | E6: ='04_Extrapolation_Engine'!P6 -> 2 | F6: 4 | G6: 16 | H6: 100 | I6: =E6*F6 -> 8 | J6: =E6*G6 -> 32 | K6: =E6*H6 -> 200 | L6: OpenShift Subscription
A7: 4 | B7: lm-payment Microservice | C7: OCP Worker | D7: 13 | E7: ='04_Extrapolation_Engine'!P7 -> 8 | F7: 4 | G7: 16 | H7: 100 | I7: =E7*F7 -> 32 | J7: =E7*G7 -> 128 | K7: =E7*H7 -> 800 | L7: OpenShift Subscription
A8: 5 | B8: lm-scheduler Engine | C8: VM | D8: 1 | E8: ='04_Extrapolation_Engine'!P8 -> 1 | F8: 16 | G8: 32 | H8: 128 | I8: =E8*F8 -> 16 | J8: =E8*G8 -> 32 | K8: =E8*H8 -> 128 | L8: RHEL OS License
A9: 6 | B9: Nginx Ingress Gateway | C9: VM | D9: 2 | E9: ='04_Extrapolation_Engine'!P16 -> 1 | F9: 8 | G9: 16 | H9: 200 | I9: =E9*F9 -> 8 | J9: =E9*G9 -> 16 | K9: =E9*H9 -> 200 | L9: RHEL OS License
A10: 7 | B10: Redis Cache Cluster | C10: VM | D10: 3 | E10: ='04_Extrapolation_Engine'!P17 -> 1 | F10: 8 | G10: 16 | H10: 200 | I10: =E10*F10 -> 8 | J10: =E10*G10 -> 16 | K10: =E10*H10 -> 200 | L10: Redis Enterprise License
A11: 8 | B11: Kafka Brokers | C11: VM | D11: 3 | E11: ='04_Extrapolation_Engine'!P18 -> 2 | F11: 16 | G11: 32 | H11: 1000 | I11: =E11*F11 -> 32 | J11: =E11*G11 -> 64 | K11: =E11*H11 -> 2000 | L11: Confluent / RHEL License
A12: 9 | B12: Elasticsearch Cluster | C12: VM | D12: 3 | E12: ='04_Extrapolation_Engine'!P19 -> 2 | F12: 8 | G12: 32 | H12: 500 | I12: =E12*F12 -> 16 | J12: =E12*G12 -> 64 | K12: =E12*H12 -> 1000 | L12: Elastic Enterprise License
A13: 10 | B13: Livin Data DB 1 & 2 | C13: Azure / Physical | D13: 2 | E13: 2 | F13: 16 | G13: 128 | H13: ='06_Database_Capacity'!K4 -> 45974.662 | I13: =E13*F13 -> 32 | J13: =E13*G13 -> 256 | K13: =E13*H13 -> 91949.323 | L13: SQL Server / Oracle Core
A14: 11 | B14: Livin System DB | C14: Azure / Physical | D14: 1 | E14: 1 | F14: 16 | G14: 128 | H14: ='06_Database_Capacity'!K6 -> 7985.8225 | I14: =E14*F14 -> 16 | J14: =E14*G14 -> 128 | K14: =E14*H14 -> 7985.8225 | L14: SQL Server / Oracle Core
A15: 12 | B15: Oracle Database RAC (RMT) | C15: Baremetal | D15: 2 | E15: 2 | F15: 64 | G15: 1024 | H15: ='06_Database_Capacity'!K7 -> 17398.46 | I15: =E15*F15 -> 128 | J15: =E15*G15 -> 2048 | K15: =E15*H15 -> 34796.921 | L15: Oracle Enterprise Core (0.5 Factor)
B16: TOTAL INFRASTRUCTURE BOM | I16: =SUM(I4:I15) -> 356 | J16: =SUM(J4:J15) -> 3024 | K16: =SUM(K4:K15) -> 140760.07
