Workbook

Sheet Komparasi BM vs VM
A1: Baremetal | B1: Summary Hardware Baremetal
B2: No | C2: Group | D2: Description | E2: Edition | F2: Environment | G2: # of VM | H2: CPU | I2: Memory | J2: Storage | K2: Total CPU | L2: Total Memory | M2: Total Storage | N2: Pricing CPU | O2: Pricing Storage | P2: Pricing NBU | Q2: Pricing Baremetal | R2: Total
B3: 1 | C3: Redhat OCP Worker (Baremetal) | D3: Container Platform | E3: Enterprise | F3: DC1 | G3: 1 | H3: 64 | I3: 1024 | J3: 1024 | K3: =H3*G3 -> 64 | L3: =I3*G3 -> 1024 | M3: =J3*G3 -> 1024 | N3: 0 | O3: 0 | P3: 0 | Q3: =G3*#REF! -> #REF! | R3: =SUM(N3:Q3) -> #REF! | S3: Harga Baru
B4: 2 | C4: Redhat OCP Worker (Baremetal) | D4: Container Platform | E4: Enterprise | F4: DC2 | G4: 1 | H4: 64 | I4: 1024 | J4: 1024 | K4: =H4*G4 -> 64 | L4: =I4*G4 -> 1024 | M4: =J4*G4 -> 1024 | N4: 0 | O4: 0 | P4: 0 | Q4: =G4*#REF! -> #REF! | R4: =SUM(N4:Q4) -> #REF! | S4: Harga Baru
B6: 3 | C6: Redhat OCP Worker (Baremetal) | D6: Container Platform | E6: Enterprise | F6: PT | G6: 1 | H6: 64 | I6: 1024 | J6: 1024 | K6: =H6*G6 -> 64 | L6: =I6*G6 -> 1024 | M6: =J6*G6 -> 1024 | N6: 0 | O6: 0 | Q6: =G6*#REF! -> #REF! | R6: =SUM(N6:Q6) -> #REF! | S6: Harga Baru
B9: Summary Hardware Prod (Baremetal)
B10: No | C10: Item | D10: Price
B11: 1 | C11: Redhat OCP | D11: =SUM(R3:R3,R4:R4) -> #REF!
C12: Total | D12: =SUM(D11:D11) -> #REF!
B14: Summary Hardware PT (Baremetal)
B15: No | C15: Item | D15: Price
B16: 1 | C16: Redhat OCP | D16: =SUM(R6:R6) -> #REF!
C17: Total | D17: =SUM(D16:D16) -> #REF!
B20: Summary License Prod (Baremetal)
B21: No | C21: Item | D21: #of License | E21: Harga Satuan | F21: Total Harga | G21: Remarks
B22: 1 | C22: Redhat Openshift Kubernetes Engine (Baremetal) | D22: =G3+G4 -> 2 | E22: 236922840 | F22: =E22*D22 -> 473845680
C23: Total Harga | F23: =SUM(F22:F22) -> 473845680
B25: Summary License PT (Baremetal)
B26: No | C26: Item | D26: #of License | E26: Harga Satuan | F26: Total Harga | G26: Remarks
B27: 1 | C27: Redhat Openshift Kubernetes Engine (Baremetal) | D27: 1 | E27: 156369074 | F27: =E27*D27 -> 156369074
C28: Total Harga | F28: =SUM(F27:F27) -> 156369074
B31: Total Price Prod (Baremetal)
B32: No | C32: Item | D32: Total Harga
B33: 1 | C33: Hardware | D33: =D12 -> #REF!
B34: 2 | C34: License | D34: =F23 -> 473845680
C35: Total Harga | D35: =SUM(D33:D34) -> #REF!
B37: Total Price PT (Baremetal)
B38: No | C38: Item | D38: Total Harga
B39: 1 | C39: Hardware | D39: =D17 -> #REF!
B40: 2 | C40: License | D40: =F28 -> 156369074
C41: Total Harga | D41: =SUM(D39:D40) -> #REF!
A43: VM | B43: Summary Hardware VM
B44: No | C44: Group | D44: Description | E44: Edition | F44: Environment | G44: # of VM | H44: CPU | I44: Memory | J44: Storage | K44: Total CPU | L44: Total Memory | M44: Total Storage | N44: Pricing CPU | O44: Pricing Storage | P44: Pricing NBU | Q44: Pricing Baremetal | R44: Total
B45: 1 | C45: Redhat OCP Worker (VM) | D45: Container Platform | E45: Enterprise | F45: DC1 | G45: 16 | H45: 8 | I45: 16 | J45: 300 | K45: =H45*G45 -> 128 | L45: =I45*G45 -> 256 | M45: =J45*G45 -> 4800 | N45: =K45*#REF! -> #REF! | O45: =M45*#REF! -> #REF! | P45: 0 | Q45: 0 | R45: =SUM(N45:Q45) -> #REF!
B46: 2 | C46: Redhat OCP Worker (VM) | D46: Container Platform | E46: Enterprise | F46: DC2 | G46: 16 | H46: 8 | I46: 16 | J46: 300 | K46: =H46*G46 -> 128 | L46: =I46*G46 -> 256 | M46: =J46*G46 -> 4800 | N46: =K46*#REF! -> #REF! | O46: =M46*#REF! -> #REF! | P46: 0 | Q46: 0 | R46: =SUM(N46:Q46) -> #REF!
B48: 3 | C48: Redhat OCP Worker (VM) | D48: Container Platform | E48: Enterprise | F48: PT | G48: 16 | H48: 8 | I48: 16 | J48: 300 | K48: =H48*G48 -> 128 | L48: =I48*G48 -> 256 | M48: =J48*G48 -> 4800 | N48: =K48*#REF! -> #REF! | O48: =M48*#REF! -> #REF! | P48: 0 | Q48: 0 | R48: =SUM(N48:Q48) -> #REF!
B51: Summary Hardware Prod (VM)
B52: No | C52: Item | D52: Price
B53: 1 | C53: Redhat OCP | D53: =SUM(R45:R45,R46:R46) -> #REF!
C54: Total | D54: =SUM(D53:D53) -> #REF!
B56: Summary Hardware PT (VM)
B57: No | C57: Item | D57: Price
B58: 1 | C58: Redhat OCP | D58: =SUM(R48:R48) -> #REF!
C59: Total | D59: =SUM(D58:D58) -> #REF!
B62: Summary License Prod (VM)
B63: No | C63: Item | D63: #of License | E63: Harga Satuan | F63: Total Harga | G63: Remarks
B64: 1 | C64: Redhat Openshift Kubernetes Engine (per 4 vcpu) | D64: =SUM(K45:K46)/4 -> 64 | E64: 19723826 | F64: =E64*D64 -> 1262324864
C65: Total Harga | F65: =SUM(F64:F64) -> 1262324864
B67: Summary License PT (VM)
B68: No | C68: Item | D68: #of License | E68: Harga Satuan | F68: Total Harga | G68: Remarks
B69: 1 | C69: Redhat Openshift Kubernetes Engine (per 4 cpu) | D69: =K48/4 -> 32 | E69: 13030756 | F69: =E69*D69 -> 416984192
C70: Total Harga | F70: =SUM(F69:F69) -> 416984192
B73: Total Price Prod (VM)
B74: No | C74: Item | D74: Total Harga
B75: 1 | C75: Hardware | D75: =D54 -> #REF!
B76: 2 | C76: License | D76: =F65 -> 1262324864
C77: Total Harga | D77: =SUM(D75:D76) -> #REF!
B79: Total Price PT (VM)
B80: No | C80: Item | D80: Total Harga
B81: 1 | C81: Hardware | D81: =D59 -> #REF!
B82: 2 | C82: License | D82: =F70 -> 416984192
C83: Total Harga | D83: =SUM(D81:D82) -> #REF!
B86: Hasil Komparasi
B87: No | C87: Item | D87: Total Harga | E87: Total Harga License & HW | F87: Gap
B88: 1 | C88: Hardware Baremetal | D88: =D33+D39 -> #REF! | E88: =SUM(D88:D89) -> #REF! | F88: =E90-E88 -> #REF!
B89: 2 | C89: License OCP Baremetal | D89: =D34+D40 -> 630214754
B90: 3 | C90: Hardware VM | D90: =D75+D81 -> #REF! | E90: =SUM(D90:D91) -> #REF!
B91: 4 | C91: License OCP VM | D91: =D76+D82 -> 1679309056

Sheet Pricing Per Items - old
C2: Prod dan PT | F2: Dev
C3: vCPU VM | D3: 7500000 | F3: vCPU VM | G3: =G4+G5 -> 6500000
C4: Per vCPU | D4: 5000000 | F4: Per vCPU | G4: 4000000
C5: NSX | D5: 2500000 | F5: NSX | G5: 2500000
C7: Memory | D7: 35000 | F7: Memory | G7: 24000
C9: Storage per GB | D9: 28800 | F9: Storage per GB | G9: 17900
C10: Rubrik | D10: 35000
C11: NBU | D11: 27000 | E11: =D11+D12 -> 88000
C12: VTL | D12: 61000
C14: Prod | F14: Dev PT | I14: Prod, Dev, PT
C15: Baremetal (License) | D15: 238000000 | F15: Baremetal (License) | G15: 141000000 | I15: Hardware Baremetal (HW) | J15: =275000000*112/111 -> 2.7747748e+08
C16: OKE | D16: 210500000
C18: Prod, PT, Dev
C19: vCPU DB (Oracle) | D19: 5266000
C20: Per vCPU | D20: 5000000
C21: OLVM | D21: 266000 | G21: 2.4773958e+09
G22: 64
C24: Windows Server | F24: Harga License Oracle per core | G24: =G21/G22 -> 38709309
C25: Standard | D25: =1888000 -> 1888000
C26: Enterprise | D26: 11345455
E27: =112%*10400000 -> 11648000
F28: OCP VM License | G28: DC1 | I28: 48972000
C29: SQL Server | F29: OCP VM License | G29: DC2 | I29: 48972000
C30: Standard | D30: 48880000 | F30: OCP VM License | G30: PreProd | I30: 48972000
C31: Enterprise | D31: 187200000 | F31: OCP VM License | G31: NPD | I31: 33056000
H32: =12*I31 -> 396672000
C33: Redis | D33: 1.2924982e+08 | E33: =70909280*112/111 -> 71548102
C35: Kafka | D35: 151447620 | E35: =69413760*112/111 -> 70039109
C37: Elasticsearch | D37: 1.1954727e+08
C39: Mongo DB | D39: 298000000
C41: RHEL | D41: 48000000
C42: Windows Server 2022 | D42: 11345455
C44: Secure Site Pro EV SSL | D44: 25262182
C47: License Appdynamic - AppD Peak Ed - APM Any Language Microservice (5-pack) - On-Prem | D47: 8392363.6
C49: Baremetal (64 Core) | D49: 284828000 | E49: Baremetal (96 Core) | F49: =477000000*112/111 -> 4.812973e+08
C51: NGINX Prod | D51: 1.0640073e+08
C52: NGINX Preprod (SIT, UAT) | D52: 49206000
C54: Oracle Database Enterprise Edition | D54: 2.6362411e+08
C55: Oracle Diagnostic Pack | D55: 41624860
C56: Oracle Partitioning | D56: 63824785
C57: Oracle Tuning Pack | D57: 27749906
C58: Oracle Real Application Cluster | D58: 1.2764957e+08
C59: Oracle Active Data Guard | D59: 63824785
C60: Oracle Linux Virtual Machine | D60: 24000000
C62: Rate | D62: 16200
C63: VMSS | D63: 309 | E63: =D63*D62*12 -> 60069600
C64: VM | D64: 619 | E64: =D64*D62*12 -> 120333600
C65: Disk | D65: 135 | E65: =D65*D62*12 -> 26244000
C66: Azure cache | D66: 328 | E66: =D66*D62*12 -> 63763200
C67: Event Hub | D67: 975 | E67: =D67*D62*12 -> 189540000
C68: Azure Gateway | D68: 352 | E68: =D68*D62*12 -> 68428800
C69: Stackify | D69: 25145 | E69: =D69*D62 -> 407349000
C70: Amplitude | D70: 67650 | E70: =D70*D62 -> 1095930000
C72: mandays | D72: Pricing
A73: NGINX | B73: JSL CM | C73: 12 | D73: 4000000
A74: NGINX | B74: JSL PM | C74: 12 | D74: 4000000
A75: NGINX | B75: Implementasi Tech Consultan | C75: 25 | D75: 4000000 | E75: license 8
A76: NGINX | B76: Timplementasi PM | C76: 5 | D76: 4000000
A79: OCP | B79: Implementasi PM | C79: 13 | D79: 5500000 | E79: Jumlah License Prod 4, Preprod 2, Non Prod 1 | I79: 7 License
A80: OCP | B80: Implementasi Tech Consultant | C80: 87 | D80: 8500000
A81: OCP | B81: JSL CM | C81: 12 | D81: 8500000 | H81: =C80*3 -> 261 | I81: =D80*H81 -> 2218500000
A82: OCP | B82: JSL PM | C82: 12 | D82: 8500000
A84: Elastic | B84: Principal Support | C84: 4 | D84: 40000000 | E84: license 34
A85: Elastic | B85: BP Senior Developer | C85: 15 | D85: 4100000
A87: Kafka | B87: Principal Support | C87: 4 | D87: 55000000 | E87: license 8
A88: Kafka | B88: BP Senior Developer | C88: 15 | D88: 4100000
A90: Redis | B90: Implementasi PM | D90: 5500000
A91: Redis | B91: Implementasi Tech Consultant | D91: 5000000
D101: LM
D102: Untuk 2 DC MS
D103: =25*2 -> 50
C104: LM
C105: Needs Of License | D105: Total License | E105: #License | F105: Satuan | G105: Total
C106: App Agent | D106: 0 | E106: 0 | F106: 7514100 | G106: =F106*E106 -> 0
C107: App Agent Microservices (5 pack) | D107: =G124 -> 100 | E107: =ROUNDUP(D107/5,0) -> 20 | F107: 7514100 | G107: =F107*E107 -> 150282000
C108: DB Agent | D108: 4 | E108: 4 | F108: 7514100 | G108: =F108*E108 -> 30056400
C109: Machine Agent | D109: 0 | E109: 0 | G109: =F109*E109 -> 0
C110: Server Visibility (Optional) | D110: 0 | E110: 0 | G110: =F110*E110 -> 0
C111: Network Visibility | D111: 0 | E111: 0 | G111: =F111*E111 -> 0
D112: Total | G112: =SUM(G106:G111) -> 180338400
F116: pods | G116: Total
D117: lm-apicore | E117: 5 | F117: 2 | G117: =E117*F117 -> 10
D118: lm-webapp | E118: 5 | F118: 2 | G118: =E118*F118 -> 10
D119: lm-checkout | E119: 6 | F119: 2 | G119: =E119*F119 -> 12
D120: lm-webstore | E120: 3 | F120: 2 | G120: =E120*F120 -> 6
D121: lm-payment | E121: 5 | F121: 2 | G121: =E121*F121 -> 10
D122: livin-sche | E122: 1 | F122: 2 | G122: =E122*F122 -> 2
F123: Total 1 DC | G123: =SUM(G117:G122) -> 50
F124: Total 2 DC | G124: =G123*2 -> 100
C130: Core | D130: USD | E130: IDR | F130: 16773.5
B131: Ocean DB | C131: 16 | D131: 641393.4 | E131: =D131*F130 -> 1.0758412e+10
C132: 48 | D132: =(C132/C131)*D131 -> 1924180.2 | E132: =D132*F130 -> 3.2275237e+10
C133: 1 | D133: =(C133/C131)*D131 -> 40087.088 | E133: =D133*F130 -> 6.7240076e+08
B136: Object Storage Dell ECS (GB) | C136: 1000 | D136: 5600000

Sheet Pricing Per Items - old adj
C2: Prod dan PT | F2: Dev
C3: vCPU VM | D3: 7500000 | F3: vCPU VM | G3: =G4+G5 -> 6500000
C4: Per vCPU | D4: 5000000 | F4: Per vCPU | G4: 4000000
C5: NSX | D5: 2500000 | F5: NSX | G5: 2500000
C7: Memory | D7: 35000 | F7: Memory | G7: 24000
C9: Storage per GB | D9: 24500 | F9: Storage per GB | G9: 16000
C10: Rubrik | D10: 35000
C11: NBU | D11: 27000 | E11: =D11+D12 -> 88000
C12: VTL | D12: 61000
C14: Prod | F14: Dev PT | I14: Prod, Dev, PT
C15: Baremetal | D15: 238000000 | F15: Baremetal | G15: 145000000 | I15: Hardware Baremetal (HW) | J15: =275000000*112/111 -> 2.7747748e+08
C16: OPP | D16: 210000000
C17: OKE | D17: 203280000
C18: Prod, PT, Dev
C19: vCPU DB (Oracle) | D19: 5266000
C20: Per vCPU | D20: 5000000
C21: OLVM | D21: 266000 | G21: 2.4773958e+09
G22: 64
C24: Windows Server | F24: Harga License Oracle per core | G24: =G21/G22 -> 38709309
C25: Standard | D25: =1888000 -> 1888000
C26: Enterprise | D26: 11345455
E27: =112%*10400000 -> 11648000
F28: OCP VM License | G28: DC1 | I28: 48972000
C29: SQL Server | F29: OCP VM License | G29: DC2 | I29: 48972000
C30: Standard | D30: 48880000 | F30: OCP VM License | G30: PreProd | I30: 48972000
C31: Enterprise | D31: 187200000 | F31: OCP VM License | G31: NPD | I31: 33056000
H32: =12*I31 -> 396672000
C33: Redis | D33: 1.2924982e+08 | E33: =70909280*112/111 -> 71548102
C35: Kafka | D35: 151447620 | E35: =69413760*112/111 -> 70039109
C37: Elasticsearch | D37: 1.1954727e+08
C39: Mongo DB | D39: 298000000
C41: RHEL | D41: 47423000
C43: Secure Site Pro EV SSL | D43: 25262182
C46: License Appdynamic - AppD Peak Ed - APM Any Language Microservice (5-pack) - On-Prem | D46: 8392363.6
C48: Baremetal (64 Core) | D48: 284828000 | E48: Baremetal (96 Core) | F48: =500850000 -> 500850000
C50: NGINX Prod | D50: 1.0640073e+08
C51: NGINX Preprod (SIT, UAT) | D51: 49206000
C53: Oracle Database Enterprise Edition | D53: 2.6362411e+08
C54: Oracle Diagnostic Pack | D54: 41624860
C55: Oracle Partitioning | D55: 63824785
C56: Oracle Tuning Pack | D56: 27749906
C57: Oracle Real Application Cluster | D57: 1.2764957e+08
C58: Oracle Active Data Guard | D58: 63824785
C59: Oracle Linux Virtual Machine | D59: 24000000
C61: Rate | D61: 16200
C62: VMSS | D62: 309 | E62: =D62*D61*12 -> 60069600
C63: VM | D63: 619 | E63: =D63*D61*12 -> 120333600
C64: Disk | D64: 135 | E64: =D64*D61*12 -> 26244000
C65: Azure cache | D65: 328 | E65: =D65*D61*12 -> 63763200
C66: Event Hub | D66: 975 | E66: =D66*D61*12 -> 189540000
C67: Azure Gateway | D67: 352 | E67: =D67*D61*12 -> 68428800
C68: Stackify | D68: 25145 | E68: =D68*D61 -> 407349000
C69: Amplitude | D69: 67650 | E69: =D69*D61 -> 1095930000
C71: mandays | D71: Pricing
A72: NGINX | B72: JSL CM | C72: 12 | D72: 4000000
A73: NGINX | B73: JSL PM | C73: 12 | D73: 4000000
A74: NGINX | B74: Implementasi Tech Consultan | C74: 25 | D74: 4000000 | E74: license 8
A75: NGINX | B75: Timplementasi PM | C75: 5 | D75: 4000000
A78: OCP | B78: Implementasi PM | C78: 13 | D78: 5500000 | E78: Jumlah License Prod 4, Preprod 2, Non Prod 1 | I78: 7 License
A79: OCP | B79: Implementasi Tech Consultant | C79: 87 | D79: 8500000
A80: OCP | B80: JSL CM | C80: 12 | D80: 8500000 | H80: =C79*3 -> 261 | I80: =D79*H80 -> 2218500000
A81: OCP | B81: JSL PM | C81: 12 | D81: 8500000
A83: Elastic | B83: Principal Support | C83: 4 | D83: 40000000 | E83: license 34
A84: Elastic | B84: BP Senior Developer | C84: 15 | D84: 4100000
A86: Kafka | B86: Principal Support | C86: 4 | D86: 55000000 | E86: license 8
A87: Kafka | B87: BP Senior Developer | C87: 15 | D87: 4100000
A89: Redis | B89: Implementasi PM | D89: 5500000
A90: Redis | B90: Implementasi Tech Consultant | D90: 5000000
D100: LM
D101: Untuk 2 DC MS
D102: =25*2 -> 50
C103: LM
C104: Needs Of License | D104: Total License | E104: #License | F104: Satuan | G104: Total
C105: App Agent | D105: 0 | E105: 0 | F105: 7514100 | G105: =F105*E105 -> 0
C106: App Agent Microservices (5 pack) | D106: =G123 -> 100 | E106: =ROUNDUP(D106/5,0) -> 20 | F106: 7514100 | G106: =F106*E106 -> 150282000
C107: DB Agent | D107: 4 | E107: 4 | F107: 7514100 | G107: =F107*E107 -> 30056400
C108: Machine Agent | D108: 0 | E108: 0 | G108: =F108*E108 -> 0
C109: Server Visibility (Optional) | D109: 0 | E109: 0 | G109: =F109*E109 -> 0
C110: Network Visibility | D110: 0 | E110: 0 | G110: =F110*E110 -> 0
D111: Total | G111: =SUM(G105:G110) -> 180338400
F115: pods | G115: Total
D116: lm-apicore | E116: 5 | F116: 2 | G116: =E116*F116 -> 10
D117: lm-webapp | E117: 5 | F117: 2 | G117: =E117*F117 -> 10
D118: lm-checkout | E118: 6 | F118: 2 | G118: =E118*F118 -> 12
D119: lm-webstore | E119: 3 | F119: 2 | G119: =E119*F119 -> 6
D120: lm-payment | E120: 5 | F120: 2 | G120: =E120*F120 -> 10
D121: livin-sche | E121: 1 | F121: 2 | G121: =E121*F121 -> 2
F122: Total 1 DC | G122: =SUM(G116:G121) -> 50
F123: Total 2 DC | G123: =G122*2 -> 100

Sheet Pricing
A1: Hardware
A2: No | B2: Item | C2: Env | D2: Price
A3: 1 | B3: vCPU | C3: Production | D3: =7500000*110% -> 8250000
A4: 2 | B4: vCPU | C4: Dev | D4: =6500000*110% -> 7150000
A5: 3 | B5: Storage Tier 2 | C5: Production | D5: 33000
A6: 4 | B6: Storage Tier 3 | C6: Production | D6: 48000
A7: 5 | B7: Storage Dev | C7: Dev | D7: 28600
A8: 6 | B8: Netbackup | C8: Production | D8: 27000
A9: 7 | B9: Rubrik | C9: Production | D9: 35000
A10: 8 | B10: Baremetal | C10: Production | D10: 794000000
A11: 9 | B11: Baremetal | C11: Dev | D11: 794000000
A14: License
A15: No | B15: Item | C15: Env | D15: Price
A16: 1 | B16: NGINX | C16: Production
A17: 2 | B17: NGINX | C17: Dev
A18: 3 | B18: Openshift | C18: Production | D18: 240000000
A19: 4 | B19: Openshift | C19: Dev | D19: 134000000
A20: 5 | B20: Redis | C20: Production | D20: 125000000
A21: 6 | B21: Redis | C21: Dev | D21: 75000000
A22: 7 | B22: Confluent Kafka | C22: Production
A23: 8 | B23: Confluent Kafka | C23: Dev
A24: Note : Perlu confirm ke STA, untuk harga terbaru

Sheet Sheet1
C2: Hardware
C3: License | D3: License type | E3: price type | F3: Pricing
C4: VM Prod | D4: CPU | E4: per vcpu | F4: 5000000
D5: Storage | E5: per GB | F5: 24500
C6: VM Prod | D6: CPU | E6: per vcpu | F6: 5000000
D7: Storage | E7: per GB | F7: 24500
C8: Baremetal | D8: Socket | E8: 2 Socket (upto 64 Core) | F8: 238000000
C10: Backup (Production)
C11: License | D11: License type | E11: price type | F11: Pricing
C12: Netbackup | D12: Storage | E12: Per GB | F12: 27000
C14: OS
C15: License | D15: License type | E15: price type | F15: Pricing
C16: Windows Server Datacenter | D16: Perpetual | E16: 2 Physical Core | F16: 12000000
C17: Linux Rhel | D17: Subcription | E17: per Host | F17: 17700000
C18: Oracle Linux | D18: Subcription | E18: per Host / 2 socket | F18: 24000000
C22: Platform (Production) | H22: Platform (Non Production)
C23: License | D23: License type | E23: price type | F23: Pricing | H23: License | I23: License type | J23: price type | K23: Pricing
C24: Nginx Plus | D24: Subcription | E24: per Node | F24: 106400727 | H24: Nginx Plus | I24: Subcription | J24: per Node | K24: 49206000
C25: Redis | D25: Subcription | E25: per Shards (Max 25 GB Memory Usage / 12500 ops / sec) | F25: 129249818 | H25: Redis | I25: Subcription | J25: per Shards (Max 25 GB Memory Usage / 12500 ops / sec) | K25: 71548102
C26: Confluent Kafka | D26: Subcription | E26: per Node (Broker, Zookeeper, C3) | F26: 151447620 | H26: Confluent Kafka | I26: Subcription | J26: per Node (Broker, Zookeeper, C3) | K26: 70039109
C27: Elasticsearch | D27: Subcription | E27: per Node (Master, Coord, Data, Hot, Warm, Cold) Max 16 Core per Node | F27: 119547273 | H27: Elasticsearch | I27: Subcription | J27: per Node (Master, Coord, Data, Hot, Warm, Cold) Max 16 Core per Node | K27: 0
C28: Redhat OCP Baremetal OKE | D28: Subcription | E28: per Host / 2 Socket | F28: 203280000 | H28: Redhat OCP Baremetal OKE | I28: Subcription | J28: per Host / 2 Socket | K28: 134164800
C30: Others
C31: License | D31: License type | E31: price type | F31: Pricing
C32: Secure Site OV (dev public) | D32: Subcription | E32: per SSL | F32: 6767904
C33: Secure Site Pro EV SSL (Prod public with trx) | D33: Subcription | E33: per SSL | F33: 23868000
C34: Secure Site Pro SSL (Prod public w/o trx) | D34: Subcription | E34: per SSL | F34: 16866720
C35: Secure Site Wildcard | D35: Subcription | E35: per SSL | F35: 33945600
C36: GuardSquare DexGuard | D36: Subcription | E36: up to 50K Download | F36: 525600000
C37: GuardSquare iXGuard | D37: Subcription | E37: up to 50K Download | F37: 525600000
C38: JSL Guardquare | D38: JSL | E38: 1 Dedicated Junior 12 Months | F38: 198000000
C40: Database
C41: License | D41: License type | E41: price type | F41: Pricing
C42: Oracle Database Enterprise Edition | D42: Subcription | E42: Total Core * 0,5 | F42: 2.6362411e+08
C43: Oracle Diagnostic Pack | D43: Subcription | E43: Total Core * 0,5 | F43: 41624860
C44: Oracle Partitioning | D44: Subcription | E44: Total Core * 0,5 | F44: 63824785
C45: Oracle Tuning Pack | D45: Subcription | E45: Total Core * 0,5 | F45: 27749906
C46: Oracle Real Application Cluster | D46: Subcription | E46: Total Core * 0,5 | F46: 1.2764957e+08
C47: Oracle Active Data Guard | D47: Subcription | E47: Total Core * 0,5 | F47: 63824785
C48: SQL Server 2019 | D48: Perpetual | E48: Per 2 Physical Core | F48: 187200000

Sheet Opsi Oracle
B1: Summary Hardware
B2: No | C2: Group | D2: Description | E2: Edition | F2: Environment | G2: # of VM | H2: CPU | I2: Memory | J2: Storage | K2: Total CPU | L2: Total Memory | M2: Total Storage | N2: Pricing CPU | O2: Pricing Storage | P2: Pricing Rubrik / NBU | Q2: Pricing Baremetal | R2: Total
B3: 1 | C3: Redhat OCP Master | D3: Container Platform | E3: Enterprise | F3: DC1 | G3: 3 | H3: 8 | I3: 32 | J3: 150 | K3: =H3*G3 -> 24 | L3: =I3*G3 -> 96 | M3: =J3*G3 -> 450 | N3: =K3*#REF! -> #REF! | O3: =M3*#REF! -> #REF! | P3: 0 | R3: =SUM(N3:Q3) -> #REF!
B4: 2 | C4: Redhat OCP Infra Router | D4: Container Platform | E4: Enterprise | F4: DC1 | G4: 5 | H4: 8 | I4: 32 | J4: 150 | K4: =H4*G4 -> 40 | L4: =I4*G4 -> 160 | M4: =J4*G4 -> 750 | N4: =K4*#REF! -> #REF! | O4: =M4*#REF! -> #REF! | P4: 0 | R4: =SUM(N4:Q4) -> #REF!
B5: 3 | C5: Redhat OCP Worker (Baremetal) | D5: Container Platform | E5: Enterprise | F5: DC1 | G5: 1 | H5: 64 | I5: 1024 | J5: 1024 | K5: =H5*G5 -> 64 | L5: =I5*G5 -> 1024 | M5: =J5*G5 -> 1024 | N5: 0 | O5: 0 | P5: 0 | Q5: =G5*#REF! -> #REF! | R5: =SUM(N5:Q5) -> #REF! | S5: Harga Baru
B6: 4 | C6: Bastion & HA Proxy | D6: Bastion | E6: Enterprise | F6: DC1 | G6: 1 | H6: 4 | I6: 8 | J6: 100 | K6: =H6*G6 -> 4 | L6: =I6*G6 -> 8 | M6: =J6*G6 -> 100 | N6: =K6*#REF! -> #REF! | O6: =M6*#REF! -> #REF! | P6: 0 | R6: =SUM(N6:Q6) -> #REF!
B7: 5 | C7: Oracle Database RAC (Baremetal) | D7: Database | E7: Enterprise | F7: DC1 | G7: 2 | H7: 64 | I7: 1024 | J7: 2500 | K7: =H7*G7 -> 128 | L7: =I7*G7 -> 2048 | M7: =J7 -> 2500 | N7: 0 | O7: =M7*#REF! -> #REF! | P7: =M7*#REF!*50% -> #REF! | Q7: =G7*#REF! -> #REF! | R7: =SUM(N7:Q7) -> #REF! | S7: Harga PO
B8: 6 | C8: Nginx Community | D8: Application Gateway | E8: Community | F8: DC1 | G8: 2 | H8: 8 | I8: 16 | J8: 200 | K8: =H8*G8 -> 16 | L8: =I8*G8 -> 32 | M8: =G8*J8 -> 400 | N8: =K8*#REF! -> #REF! | O8: =M8*#REF! -> #REF! | R8: =SUM(N8:Q8) -> #REF!
B9: 7 | C9: Redis Enterprise | D9: Cache Database | E9: Enterprise | F9: DC1 | G9: 3 | H9: 8 | I9: 16 | J9: 200 | K9: =H9*G9 -> 24 | L9: =I9*G9 -> 48 | M9: =G9*J9 -> 600 | N9: =K9*#REF! -> #REF! | O9: =M9*#REF! -> #REF! | R9: =SUM(N9:Q9) -> #REF!
B10: 8 | C10: Confluent Kafka Community App Log (Non Financial) | D10: Kafka Broker & Zookeeper | E10: Community | F10: DC1 | G10: 3 | H10: 8 | I10: 16 | J10: 1000 | K10: =H10*G10 -> 24 | L10: =I10*G10 -> 48 | M10: =G10*J10 -> 3000 | N10: =K10*#REF! -> #REF! | O10: =M10*#REF! -> #REF! | R10: =SUM(N10:Q10) -> #REF!
B11: 9 | C11: Batch Control M | D11: Batch Server | E11: Enterprise | F11: DC1 | G11: 1 | H11: 8 | I11: 16 | J11: 500 | K11: =H11*G11 -> 8 | L11: =I11*G11 -> 16 | M11: =G11*J11 -> 500 | N11: =K11*#REF! -> #REF! | O11: =M11*#REF! -> #REF! | R11: =SUM(N11:Q11) -> #REF!
B12: 10 | C12: MinIO | D12: Object Storage | E12: Community | F12: DC1 | G12: 1 | H12: 16 | I12: 32 | J12: 500 | K12: =H12*G12 -> 16 | L12: =I12*G12 -> 32 | M12: =G12*J12 -> 500 | N12: =K12*#REF! -> #REF! | O12: =M12*#REF! -> #REF! | R12: =SUM(N12:Q12) -> #REF!
B13: 11 | C13: Elasticsearch Master & Data | D13: ELK Stack | E13: Community | F13: DC1 | G13: 3 | H13: 8 | I13: 32 | J13: 300 | K13: =H13*G13 -> 24 | L13: =I13*G13 -> 96 | M13: =G13*J13 -> 900 | N13: =K13*#REF! -> #REF! | O13: =M13*#REF! -> #REF! | R13: =SUM(N13:Q13) -> #REF!
B14: 12 | C14: Kibana Logstash | D14: ELK Stack | E14: Community | F14: DC1 | G14: 1 | H14: 8 | I14: 16 | J14: 300 | K14: =H14*G14 -> 8 | L14: =I14*G14 -> 16 | M14: =G14*J14 -> 300 | N14: =K14*#REF! -> #REF! | O14: =M14*#REF! -> #REF! | R14: =SUM(N14:Q14) -> #REF!
B15: 13 | C15: Redhat OCP Master | D15: Container Platform | E15: Enterprise | F15: DC2 | G15: 3 | H15: 8 | I15: 32 | J15: 150 | K15: =H15*G15 -> 24 | L15: =I15*G15 -> 96 | M15: =J15*G15 -> 450 | N15: =K15*#REF! -> #REF! | O15: =M15*#REF! -> #REF! | P15: 0 | R15: =SUM(N15:Q15) -> #REF!
B16: 14 | C16: Redhat OCP Infra Router | D16: Container Platform | E16: Enterprise | F16: DC2 | G16: 5 | H16: 8 | I16: 32 | J16: 150 | K16: =H16*G16 -> 40 | L16: =I16*G16 -> 160 | M16: =J16*G16 -> 750 | N16: =K16*#REF! -> #REF! | O16: =M16*#REF! -> #REF! | P16: 0 | R16: =SUM(N16:Q16) -> #REF!
B17: 15 | C17: Redhat OCP Worker (Baremetal) | D17: Container Platform | E17: Enterprise | F17: DC2 | G17: 1 | H17: 64 | I17: 1024 | J17: 1024 | K17: =H17*G17 -> 64 | L17: =I17*G17 -> 1024 | M17: =J17*G17 -> 1024 | N17: 0 | O17: 0 | P17: 0 | Q17: =G17*#REF! -> #REF! | R17: =SUM(N17:Q17) -> #REF! | S17: Harga Baru
B18: 16 | C18: Bastion & HA Proxy | D18: Bastion | E18: Enterprise | F18: DC2 | G18: 1 | H18: 4 | I18: 8 | J18: 100 | K18: =H18*G18 -> 4 | L18: =I18*G18 -> 8 | M18: =J18*G18 -> 100 | N18: =K18*#REF! -> #REF! | O18: =M18*#REF! -> #REF! | P18: 0 | R18: =SUM(N18:Q18) -> #REF!
B19: 17 | C19: Oracle Database RAC (Baremetal) | D19: Database | E19: Enterprise | F19: DC2 | G19: 2 | H19: 64 | I19: 1024 | J19: 2500 | K19: =H19*G19 -> 128 | L19: =I19*G19 -> 2048 | M19: =J19 -> 2500 | N19: 0 | O19: =M19*#REF! -> #REF! | P19: =M19*#REF!*50% -> #REF! | Q19: =G19*#REF! -> #REF! | R19: =SUM(N19:Q19) -> #REF! | S19: Harga PO
B20: 18 | C20: Nginx Community | D20: Application Gateway | E20: Community | F20: DC2 | G20: 2 | H20: 8 | I20: 16 | J20: 200 | K20: =H20*G20 -> 16 | L20: =I20*G20 -> 32 | M20: =J20*G20 -> 400 | N20: =K20*#REF! -> #REF! | O20: =M20*#REF! -> #REF! | R20: =SUM(N20:Q20) -> #REF!
B21: 19 | C21: Redis Enterprise | D21: Cache Database | E21: Enterprise | F21: DC2 | G21: 3 | H21: 8 | I21: 16 | J21: 200 | K21: =H21*G21 -> 24 | L21: =I21*G21 -> 48 | M21: =J21*G21 -> 600 | N21: =K21*#REF! -> #REF! | O21: =M21*#REF! -> #REF! | R21: =SUM(N21:Q21) -> #REF!
B22: 20 | C22: Confluent Kafka Community App Log (Non Financial) | D22: Kafka Broker & Zookeeper | E22: Community | F22: DC2 | G22: 3 | H22: 8 | I22: 16 | J22: 1000 | K22: =H22*G22 -> 24 | L22: =I22*G22 -> 48 | M22: =J22*G22 -> 3000 | N22: =K22*#REF! -> #REF! | O22: =M22*#REF! -> #REF! | R22: =SUM(N22:Q22) -> #REF!
B23: 21 | C23: Batch Control M | D23: Batch Server | E23: Enterprise | F23: DC2 | G23: 1 | H23: 8 | I23: 16 | J23: 500 | K23: =H23*G23 -> 8 | L23: =I23*G23 -> 16 | M23: =J23*G23 -> 500 | N23: =K23*#REF! -> #REF! | O23: =M23*#REF! -> #REF! | R23: =SUM(N23:Q23) -> #REF!
B24: 22 | C24: MinIO | D24: Object Storage | E24: Community | F24: DC2 | G24: 1 | H24: 16 | I24: 32 | J24: 500 | K24: =H24*G24 -> 16 | L24: =I24*G24 -> 32 | M24: =J24*G24 -> 500 | N24: =K24*#REF! -> #REF! | O24: =M24*#REF! -> #REF! | R24: =SUM(N24:Q24) -> #REF!
B25: 23 | C25: Elasticsearch Master & Data | D25: ELK Stack | E25: Community | F25: DC2 | G25: 3 | H25: 8 | I25: 32 | J25: 300 | K25: =H25*G25 -> 24 | L25: =I25*G25 -> 96 | M25: =J25*G25 -> 900 | N25: =K25*#REF! -> #REF! | O25: =M25*#REF! -> #REF! | R25: =SUM(N25:Q25) -> #REF! | T25: VM | U25: 15 TB
B26: 24 | C26: Kibana Logstash | D26: ELK Stack | E26: Community | F26: DC2 | G26: 1 | H26: 8 | I26: 16 | J26: 300 | K26: =H26*G26 -> 8 | L26: =I26*G26 -> 16 | M26: =J26*G26 -> 300 | N26: =K26*#REF! -> #REF! | O26: =M26*#REF! -> #REF! | R26: =SUM(N26:Q26) -> #REF!
B28: 25 | C28: Redhat OCP Master | D28: Container Platform | E28: Enterprise | F28: PT | G28: 3 | H28: 8 | I28: 32 | J28: 150 | K28: =H28*G28 -> 24 | L28: =I28*G28 -> 96 | M28: =J28*G28 -> 450 | N28: =K28*#REF! -> #REF! | O28: =M28*#REF! -> #REF! | R28: =SUM(N28:Q28) -> #REF!
B29: 26 | C29: Redhat OCP Infra Router | D29: Container Platform | E29: Enterprise | F29: PT | G29: 5 | H29: 8 | I29: 32 | J29: 150 | K29: =H29*G29 -> 40 | L29: =I29*G29 -> 160 | M29: =J29*G29 -> 750 | N29: =K29*#REF! -> #REF! | O29: =M29*#REF! -> #REF! | R29: =SUM(N29:Q29) -> #REF!
B30: 27 | C30: Redhat OCP Worker (Baremetal) | D30: Container Platform | E30: Enterprise | F30: PT | G30: 1 | H30: 64 | I30: 1024 | J30: 1024 | K30: =H30*G30 -> 64 | L30: =I30*G30 -> 1024 | M30: =J30*G30 -> 1024 | N30: 0 | O30: 0 | Q30: =G30*#REF! -> #REF! | R30: =SUM(N30:Q30) -> #REF! | S30: Harga Baru
B31: 28 | C31: Bastion & HA Proxy | D31: Bastion | E31: Enterprise | F31: PT | G31: 1 | H31: 4 | I31: 8 | J31: 100 | K31: =H31*G31 -> 4 | L31: =I31*G31 -> 8 | M31: =J31*G31 -> 100 | N31: =K31*#REF! -> #REF! | O31: =M31*#REF! -> #REF! | R31: =SUM(N31:Q31) -> #REF!
B32: 29 | C32: Oracle Database RAC (Baremetal) | D32: Database | E32: Enterprise | F32: PT | G32: 2 | H32: 64 | I32: 1024 | J32: 2500 | K32: =H32*G32 -> 128 | L32: =I32*G32 -> 2048 | M32: =J32 -> 2500 | N32: 0 | O32: =M32*#REF! -> #REF! | Q32: =G32*#REF! -> #REF! | R32: =SUM(N32:Q32) -> #REF! | S32: Harga Baru
B33: 30 | C33: Nginx Community | D33: Application Gateway | E33: Community | F33: PT | G33: 2 | H33: 8 | I33: 16 | J33: 200 | K33: =H33*G33 -> 16 | L33: =I33*G33 -> 32 | M33: =J33*G33 -> 400 | N33: =K33*#REF! -> #REF! | O33: =M33*#REF! -> #REF! | R33: =SUM(N33:Q33) -> #REF!
B34: 31 | C34: Redis Enterprise | D34: Cache Database | E34: Enterprise | F34: PT | G34: 3 | H34: 8 | I34: 16 | J34: 200 | K34: =H34*G34 -> 24 | L34: =I34*G34 -> 48 | M34: =J34*G34 -> 600 | N34: =K34*#REF! -> #REF! | O34: =M34*#REF! -> #REF! | R34: =SUM(N34:Q34) -> #REF!
B35: 32 | C35: Confluent Kafka Community App Log (Non Financial) | D35: Kafka Broker & Zookeeper | E35: Community | F35: PT | G35: 3 | H35: 8 | I35: 16 | J35: 1000 | K35: =H35*G35 -> 24 | L35: =I35*G35 -> 48 | M35: =J35*G35 -> 3000 | N35: =K35*#REF! -> #REF! | O35: =M35*#REF! -> #REF! | R35: =SUM(N35:Q35) -> #REF!
B36: 33 | C36: Batch Control M | D36: Batch Server | E36: Enterprise | F36: PT | G36: 1 | H36: 8 | I36: 16 | J36: 500 | K36: =H36*G36 -> 8 | L36: =I36*G36 -> 16 | M36: =J36*G36 -> 500 | N36: =K36*#REF! -> #REF! | O36: =M36*#REF! -> #REF! | R36: =SUM(N36:Q36) -> #REF!
B37: 34 | C37: MinIO | D37: Object Storage | E37: Enterprise | F37: PT | G37: 1 | H37: 16 | I37: 32 | J37: 500 | K37: =H37*G37 -> 16 | L37: =I37*G37 -> 32 | M37: =J37*G37 -> 500 | N37: =K37*#REF! -> #REF! | O37: =M37*#REF! -> #REF! | R37: =SUM(N37:Q37) -> #REF!
B38: 35 | C38: Elasticsearch Master & Data | D38: ELK Stack | E38: Community | F38: PT | G38: 3 | H38: 8 | I38: 32 | J38: 300 | K38: =H38*G38 -> 24 | L38: =I38*G38 -> 96 | M38: =J38*G38 -> 900 | N38: =K38*#REF! -> #REF! | O38: =M38*#REF! -> #REF! | R38: =SUM(N38:Q38) -> #REF!
B39: 36 | C39: Kibana Logstash | D39: ELK Stack | E39: Community | F39: PT | G39: 1 | H39: 8 | I39: 16 | J39: 300 | K39: =H39*G39 -> 8 | L39: =I39*G39 -> 16 | M39: =J39*G39 -> 300 | N39: =K39*#REF! -> #REF! | O39: =M39*#REF! -> #REF! | R39: =SUM(N39:Q39) -> #REF!
B40: 37 | C40: Wiremock | D40: Wiremock | E40: Community | F40: PT | G40: 2 | H40: 8 | I40: 24 | J40: 128 | K40: =H40*G40 -> 16 | L40: =I40*G40 -> 48 | M40: =J40*G40 -> 256 | N40: =K40*#REF! -> #REF! | O40: =M40*#REF! -> #REF! | R40: =SUM(N40:Q40) -> #REF!
B42: 38 | C42: Oracle Database (VM) | D42: Database | E42: Enterprise | F42: DEV & UAT | G42: 1 | H42: 16 | I42: 32 | J42: 500 | K42: =H42*G42 -> 16 | L42: =I42*G42 -> 32 | M42: =J42*G42 -> 500 | N42: =K42*#REF! -> #REF! | O42: =M42*#REF! -> #REF! | R42: =SUM(N42:Q42) -> #REF!
B43: 39 | C43: Nginx Community | D43: Application Gateway | E43: Community | F43: DEV & UAT | G43: 2 | H43: 4 | I43: 8 | J43: 200 | K43: =H43*G43 -> 8 | L43: =I43*G43 -> 16 | M43: =J43*G43 -> 400 | N43: =K43*#REF! -> #REF! | O43: =M43*#REF! -> #REF! | R43: =SUM(N43:Q43) -> #REF!
B44: 40 | C44: Redis Community | D44: Cache Database | E44: Community | F44: DEV & UAT | G44: 1 | H44: 4 | I44: 8 | J44: 200 | K44: =H44*G44 -> 4 | L44: =I44*G44 -> 8 | M44: =J44*G44 -> 200 | N44: =K44*#REF! -> #REF! | O44: =M44*#REF! -> #REF! | R44: =SUM(N44:Q44) -> #REF!
B45: 41 | C45: Confluent Kafka Community App Log (Non Financial) | D45: Kafka Broker & Zookeeper | E45: Community | F45: DEV & UAT | G45: 3 | H45: 8 | I45: 16 | J45: 500 | K45: =H45*G45 -> 24 | L45: =I45*G45 -> 48 | M45: =J45*G45 -> 1500 | N45: =K45*#REF! -> #REF! | O45: =M45*#REF! -> #REF! | R45: =SUM(N45:Q45) -> #REF!
... B51: 47 | C51: Jenkins | D51: CI / CD | E51: Community | F51: DEV & UAT | G51: 1 | H51: 0 | I51: 0 | J51: 500 | K51: =H51*G51 -> 0 | L51: =I51*G51 -> 0 | M51: =J51*G51 -> 500 | N51: =K51*#REF! -> #REF! | O51: =M51*#REF! -> #REF! | R51: =SUM(N51:Q51) -> #REF!
B55: Summary Hardware Prod
B56: No | C56: Item | D56: Price | G56: CPU | H56: Mem (GB) | I56: Storage (GB)
B57: 1 | C57: Redhat OCP | D57: =SUM(R3:R6,R15:R18) -> #REF! | F57: Prod | G57: =SUM(K3:K4)+SUM(K6:K6)+SUM(K8:K16)+SUM(K18:K18)+SUM(K20:K26) -> 376 | H57: =SUM(L3:L4)+SUM(L6:L6)+SUM(L8:L16)+SUM(L18:L18)+SUM(L20:L26) -> 1104 | I57: =SUM(M3:M26) -> 22048
B58: 2 | C58: Nginx Community | D58: =R8+R20 -> #REF!
B59: 3 | C59: Redis Enterprise | D59: =R9+R21 -> #REF! | F59: PT | G59: =SUM(K28:K29)+SUM(K31:K31)+SUM(K33:K39) -> 188 | H59: =SUM(L28:L29)+SUM(L31:L31)+SUM(L33:L39) -> 552 | I59: =SUM(M28:M39) -> 11024 | M59: =SUM(M3:M51) -> 39728
B60: 4 | C60: Confluent Kafka Community | D60: =R10+R22 -> #REF!
B61: 5 | C61: ELK Stack Community | D61: =SUM(R13:R14)+SUM(R25:R26) -> #REF! | F61: Dev | G61: =SUM(K42:K51) -> 96 | H61: =SUM(L42:L51) -> 192 | I61: =SUM(M42:M51) -> 6400
B62: 6 | C62: MinIO | D62: =R12+R24 -> #REF! | F62: Total Non Prod | G62: =SUM(G59:G61) -> 284 | H62: =SUM(H59:H61) -> 744 | I62: =SUM(I59:I61) -> 17424
B63: 7 | C63: Batch Control M | D63: =R11+R23 -> #REF!
B64: 8 | C64: Oracle Database RAC | D64: =R7+R19 -> #REF!
C65: Total | D65: =SUM(D57:D64) -> #REF!
G66: DC | H66: PT
B67: Summary Hardware PT | F67: Oracle | G67: 4 | H67: 2
B68: No | C68: Item | D68: Price | F68: OCP | G68: 2 | H68: 1 | O68: Storage Prod
B69: 1 | C69: Redhat OCP | D69: =SUM(R28:R31) -> #REF!
B70: 2 | C70: Nginx Community | D70: =R33 -> #REF!
B71: 3 | C71: Redis Enterprise | D71: =R34 -> #REF! | H71: HW + License
B72: 4 | C72: Oracle Database RAC | D72: =R32 -> #REF! | F72: Platform HW Prod | G72: =SUM(D57:D63) -> #REF! | H72: =G72+J72 -> #REF! | I72: Platform License Prod | J72: =SUM(F96,F103,F105:F110) -> #REF!
B73: 5 | C73: Confluent Kafka Community | D73: =R35 -> #REF! | F73: Platform HW PT | G73: =SUM(D69:D71,D73:D77) -> #REF! | H73: =G73+J73 -> #REF! | I73: Platform License PT | J73: =SUM(F116,F123,F125:F125) -> #REF!
B74: 6 | C74: ELK Stack Community | D74: =R38+R39 -> #REF! | F74: Platform HW Dev | G74: =SUM(D82:D83,D85:D90) -> #REF! | H74: =G74+J74 -> #REF! | I74: Platform License Dev | J74: =SUM(F134:F136) -> #REF!
B75: 7 | C75: MinIO | D75: =R37 -> #REF! | G75: =SUM(G72:G74) -> #REF! | H75: =SUM(H72:H74) -> #REF! | J75: =SUM(J72:J74) -> #REF!
B76: 8 | C76: Batch Control M | D76: =R36 -> #REF!
B77: 9 | C77: Wiremock | D77: =R40 -> #REF! | F77: DB HW Prod | G77: =SUM(D64) -> #REF! | H77: =G77+J77 -> #REF! | I77: DB License Prod | J77: =F104 -> 96000000
C78: Total | D78: =SUM(D69:D77) -> #REF! | F78: DB HW PT | G78: =D72 -> #REF! | H78: =G78+J78 -> #REF! | I78: DB License PT | J78: =F124 -> 48000000
F79: DB HW Dev | G79: =D84 -> #REF! | H79: =G79+J79 -> #REF! | I79: DB License Dev | J79: 0
B80: Summary Hardware DEV | H80: =SUM(H77:H79) -> #REF!
B81: No | C81: Item | D81: Price | H81: =H80+H75 -> #REF!
B82: 1 | C82: Nginx Community | D82: =R43 -> #REF!
B83: 2 | C83: Redis Community | D83: =R44 -> #REF!
B84: 3 | C84: Oracle Database | D84: =R42 -> #REF!
B85: 4 | C85: Confluent Kafka Community | D85: =R45 -> #REF!
B86: 5 | C86: ELK Stack Community | D86: =R48+R49 -> #REF!
B87: 6 | C87: MinIO | D87: =R47 -> #REF!
B88: 7 | C88: Batch Control M | D88: =R46 -> #REF!
B89: 8 | C89: Jfrog | D89: =R50 -> #REF!
B90: 9 | C90: Jenkins | D90: =R51 -> #REF!
C91: Total | D91: =SUM(D82:D90) -> #REF!
B94: Summary License Prod
B95: No | C95: Item | D95: #of License | E95: Harga Satuan | F95: Total Harga | G95: Remarks
B96: 1 | C96: Redhat Openshift Kubernetes Engine | D96: =G5+G17 -> 2 | E96: 203280000 | F96: =E96*D96 -> 406560000
B97: 2 | C97: Oracle Database Enterprise Edition | D97: =(K7+K19)*0.5 -> 128 | E97: =#REF! -> #REF! | F97: 0 | G97: ELA
B98: 3 | C98: Oracle Diagnostic Pack | D98: =(K7+K19)*0.5 -> 128 | E98: =#REF! -> #REF! | F98: 0 | G98: ELA
B99: 4 | C99: Oracle Partitioning | D99: =(K7+K19)*0.5 -> 128 | E99: =#REF! -> #REF! | F99: 0 | G99: ELA
B100: 5 | C100: Oracle Tuning Pack | D100: =(K7+K19)*0.5 -> 128 | E100: =#REF! -> #REF! | F100: 0 | G100: ELA
B101: 6 | C101: Oracle Real Application Cluster | D101: =(K7+K19)*0.5 -> 128 | E101: =#REF! -> #REF! | F101: 0 | G101: ELA
B102: 7 | C102: Oracle Active Data Guard | D102: =(K7+K19)*0.5 -> 128 | E102: =#REF! -> #REF! | F102: 0 | G102: ELA
B103: 8 | C103: Oracle Linux Platform | D103: =ROUNDUP(SUM(K3:K4,K6,K8:K14)/64,0)*2 -> 6 | E103: =#REF! -> #REF! | F103: =D103*E103 -> #REF!
B104: 9 | C104: Oracle Linux DB | D104: 4 | E104: 24000000 | F104: =D104*E104 -> 96000000
B105: 10 | C105: Redis Enterprise | D105: 4 | E105: 112320000 | F105: =D105*E105 -> 449280000
B106: 11 | C106: RHEL | D106: =ROUNDUP(SUM(K6,K8,K9,K10,K11,K12,K13,K14)/64,0)*2 -> 4 | E106: =#REF! -> #REF! | F106: =E106*D106 -> #REF!
B107: 12 | C107: Appdynamic MS | D107: 0 | E107: 7693353.2 | F107: =E107*D107 -> 0 | G107: 25 pods / DC
B108: 13 | C108: Appdynamic Database | D108: 0 | E108: 4805783 | F108: =E108*D108 -> 0
B109: 14 | C109: Dexguard Android & IOS | D109: 2 | E109: 995681500 | F109: =E109*D109 -> 1991363000
B110: 15 | C110: Secure Site Pro SSL | D110: 4 | E110: 16866720 | F110: =E110*D110 -> 67466880
B111: 16 | C111: Mobile Iron | D111: 0
C112: Total Harga | F112: =SUM(F96:F111) -> #REF! | P112: 236922840
...

Sheet FS Opsi Oracle 20260515
B1: Summary Hardware
B2: No | C2: Group | D2: Description | E2: Edition | F2: Environment | G2: # of VM | H2: CPU | I2: Memory | J2: Storage | K2: Total CPU | L2: Total Memory | M2: Total Storage | N2: Pricing CPU | O2: Pricing Storage | P2: Pricing Rubrik / NBU | Q2: Pricing Baremetal | R2: Total
B3: 1 | C3: Redhat OCP Master | D3: Container Platform | E3: Enterprise | F3: DC1 | G3: 3 | H3: 8 | I3: 32 | J3: 150 | K3: =H3*G3 -> 24 | L3: =I3*G3 -> 96 | M3: =J3*G3 -> 450 | N3: =K3*#REF! -> #REF! | O3: =M3*#REF! -> #REF! | P3: 0 | R3: =SUM(N3:Q3) -> #REF!
B4: 2 | C4: Redhat OCP Infra Router | D4: Container Platform | E4: Enterprise | F4: DC1 | G4: 5 | H4: 8 | I4: 32 | J4: 150 | K4: =H4*G4 -> 40 | L4: =I4*G4 -> 160 | M4: =J4*G4 -> 750 | N4: =K4*#REF! -> #REF! | O4: =M4*#REF! -> #REF! | P4: 0 | R4: =SUM(N4:Q4) -> #REF!
B5: 3 | C5: Redhat OCP Worker (Baremetal) | D5: Container Platform | E5: Enterprise | F5: DC1 | G5: 1 | H5: 64 | I5: 1024 | J5: 1024 | K5: =H5*G5 -> 64 | L5: =I5*G5 -> 1024 | M5: =J5*G5 -> 1024 | N5: 0 | O5: 0 | P5: 0 | Q5: =G5*#REF! -> #REF! | R5: =SUM(N5:Q5) -> #REF!
B6: 4 | C6: Bastion & HA Proxy | D6: Bastion | E6: Enterprise | F6: DC1 | G6: 1 | H6: 4 | I6: 8 | J6: 100 | K6: =H6*G6 -> 4 | L6: =I6*G6 -> 8 | M6: =J6*G6 -> 100 | N6: =K6*#REF! -> #REF! | O6: =M6*#REF! -> #REF! | P6: 0 | R6: =SUM(N6:Q6) -> #REF!
B7: 5 | C7: Oracle Database RAC (Baremetal) | D7: Database | E7: Enterprise | F7: DC1 | G7: 2 | H7: 64 | I7: 1024 | J7: 423000 | K7: =H7*G7 -> 128 | L7: =I7*G7 -> 2048 | M7: =J7 -> 423000 | N7: 0 | O7: =M7*#REF! -> #REF! | P7: =M7*50%*80%*#REF! -> #REF! | Q7: =G7*#REF! -> #REF! | R7: =SUM(N7:Q7) -> #REF!
B8: 6 | C8: Nginx Community | D8: Application Gateway | E8: Community | F8: DC1 | G8: 2 | H8: 8 | I8: 16 | J8: 200 | K8: =H8*G8 -> 16 | L8: =I8*G8 -> 32 | M8: =G8*J8 -> 400 | N8: =K8*#REF! -> #REF! | O8: =M8*#REF! -> #REF! | R8: =SUM(N8:Q8) -> #REF!
B9: 7 | C9: Redis Enterprise | D9: Cache Database | E9: Enterprise | F9: DC1 | G9: 3 | H9: 8 | I9: 16 | J9: 200 | K9: =H9*G9 -> 24 | L9: =I9*G9 -> 48 | M9: =G9*J9 -> 600 | N9: =K9*#REF! -> #REF! | O9: =M9*#REF! -> #REF! | R9: =SUM(N9:Q9) -> #REF!
B10: 8 | C10: Confluent Kafka Community App Log (Non Financial) | D10: Kafka Broker & Zookeeper | E10: Community | F10: DC1 | G10: 3 | H10: 8 | I10: 16 | J10: 1000 | K10: =H10*G10 -> 24 | L10: =I10*G10 -> 48 | M10: =G10*J10 -> 3000 | N10: =K10*#REF! -> #REF! | O10: =M10*#REF! -> #REF! | R10: =SUM(N10:Q10) -> #REF!
B11: 9 | C11: Batch Control M | D11: Batch Server | E11: Enterprise | F11: DC1 | G11: 1 | H11: 8 | I11: 16 | J11: 500 | K11: =H11*G11 -> 8 | L11: =I11*G11 -> 16 | M11: =G11*J11 -> 500 | N11: =K11*#REF! -> #REF! | O11: =M11*#REF! -> #REF! | R11: =SUM(N11:Q11) -> #REF!
B12: 10 | C12: MinIO | D12: Object Storage | E12: Community | F12: DC1 | G12: 1 | H12: 16 | I12: 32 | J12: 500 | K12: =H12*G12 -> 16 | L12: =I12*G12 -> 32 | M12: =G12*J12 -> 500 | N12: =K12*#REF! -> #REF! | O12: =M12*#REF! -> #REF! | R12: =SUM(N12:Q12) -> #REF!
B13: 11 | C13: Elasticsearch Master & Data | D13: ELK Stack | E13: Community | F13: DC1 | G13: 3 | H13: 8 | I13: 32 | J13: 300 | K13: =H13*G13 -> 24 | L13: =I13*G13 -> 96 | M13: =G13*J13 -> 900 | N13: =K13*#REF! -> #REF! | O13: =M13*#REF! -> #REF! | R13: =SUM(N13:Q13) -> #REF!
B14: 12 | C14: Kibana Logstash | D14: ELK Stack | E14: Community | F14: DC1 | G14: 1 | H14: 8 | I14: 16 | J14: 300 | K14: =H14*G14 -> 8 | L14: =I14*G14 -> 16 | M14: =G14*J14 -> 300 | N14: =K14*#REF! -> #REF! | O14: =M14*#REF! -> #REF! | R14: =SUM(N14:Q14) -> #REF!
B15: 13 | C15: Redhat OCP Master | D15: Container Platform | E15: Enterprise | F15: DC2 | G15: 3 | H15: 8 | I15: 32 | J15: 150 | K15: =H15*G15 -> 24 | L15: =I15*G15 -> 96 | M15: =J15*G15 -> 450 | N15: =K15*#REF! -> #REF! | O15: =M15*#REF! -> #REF! | P15: 0 | R15: =SUM(N15:Q15) -> #REF!
B16: 14 | C16: Redhat OCP Infra Router | D16: Container Platform | E16: Enterprise | F16: DC2 | G16: 5 | H16: 8 | I16: 32 | J16: 150 | K16: =H16*G16 -> 40 | L16: =I16*G16 -> 160 | M16: =J16*G16 -> 750 | N16: =K16*#REF! -> #REF! | O16: =M16*#REF! -> #REF! | P16: 0 | R16: =SUM(N16:Q16) -> #REF!
B17: 15 | C17: Redhat OCP Worker (Baremetal) | D17: Container Platform | E17: Enterprise | F17: DC2 | G17: 1 | H17: 64 | I17: 1024 | J17: 1024 | K17: =H17*G17 -> 64 | L17: =I17*G17 -> 1024 | M17: =J17*G17 -> 1024 | N17: 0 | O17: 0 | P17: 0 | Q17: =G17*#REF! -> #REF! | R17: =SUM(N17:Q17) -> #REF!
B18: 16 | C18: Bastion & HA Proxy | D18: Bastion | E18: Enterprise | F18: DC2 | G18: 1 | H18: 4 | I18: 8 | J18: 100 | K18: =H18*G18 -> 4 | L18: =I18*G18 -> 8 | M18: =J18*G18 -> 100 | N18: =K18*#REF! -> #REF! | O18: =M18*#REF! -> #REF! | P18: 0 | R18: =SUM(N18:Q18) -> #REF!
B19: 17 | C19: Oracle Database RAC (Baremetal) | D19: Database | E19: Enterprise | F19: DC2 | G19: 2 | H19: 64 | I19: 1024 | J19: 423000 | K19: =H19*G19 -> 128 | L19: =I19*G19 -> 2048 | M19: =J19 -> 423000 | N19: 0 | O19: =M19*#REF! -> #REF! | P19: =M19*50%*80%*#REF! -> #REF! | Q19: =G19*#REF! -> #REF! | R19: =SUM(N19:Q19) -> #REF!
B20: 18 | C20: Nginx Community | D20: Application Gateway | E20: Community | F20: DC2 | G20: 2 | H20: 8 | I20: 16 | J20: 200 | K20: =H20*G20 -> 16 | L20: =I20*G20 -> 32 | M20: =J20*G20 -> 400 | N20: =K20*#REF! -> #REF! | O20: =M20*#REF! -> #REF! | R20: =SUM(N20:Q20) -> #REF!
B21: 19 | C21: Redis Enterprise | D21: Cache Database | E21: Enterprise | F21: DC2 | G21: 3 | H21: 8 | I21: 16 | J21: 200 | K21: =H21*G21 -> 24 | L21: =I21*G21 -> 48 | M21: =J21*G21 -> 600 | N21: =K21*#REF! -> #REF! | O21: =M21*#REF! -> #REF! | R21: =SUM(N21:Q21) -> #REF!
B22: 20 | C22: Confluent Kafka Community App Log (Non Financial) | D22: Kafka Broker & Zookeeper | E22: Community | F22: DC2 | G22: 3 | H22: 8 | I22: 16 | J22: 1000 | K22: =H22*G22 -> 24 | L22: =I22*G22 -> 48 | M22: =J22*G22 -> 3000 | N22: =K22*#REF! -> #REF! | O22: =M22*#REF! -> #REF! | R22: =SUM(N22:Q22) -> #REF!
B23: 21 | C23: Batch Control M | D23: Batch Server | E23: Enterprise | F23: DC2 | G23: 1 | H23: 8 | I23: 16 | J23: 500 | K23: =H23*G23 -> 8 | L23: =I23*G23 -> 16 | M23: =J23*G23 -> 500 | N23: =K23*#REF! -> #REF! | O23: =M23*#REF! -> #REF! | R23: =SUM(N23:Q23) -> #REF!
B24: 22 | C24: MinIO | D24: Object Storage | E24: Community | F24: DC2 | G24: 1 | H24: 16 | I24: 32 | J24: 500 | K24: =H24*G24 -> 16 | L24: =I24*G24 -> 32 | M24: =J24*G24 -> 500 | N24: =K24*#REF! -> #REF! | O24: =M24*#REF! -> #REF! | R24: =SUM(N24:Q24) -> #REF!
B25: 23 | C25: Elasticsearch Master & Data | D25: ELK Stack | E25: Community | F25: DC2 | G25: 3 | H25: 8 | I25: 32 | J25: 300 | K25: =H25*G25 -> 24 | L25: =I25*G25 -> 96 | M25: =J25*G25 -> 900 | N25: =K25*#REF! -> #REF! | O25: =M25*#REF! -> #REF! | R25: =SUM(N25:Q25) -> #REF!
B26: 24 | C26: Kibana Logstash | D26: ELK Stack | E26: Community | F26: DC2 | G26: 1 | H26: 8 | I26: 16 | J26: 300 | K26: =H26*G26 -> 8 | L26: =I26*G26 -> 16 | M26: =J26*G26 -> 300 | N26: =K26*#REF! -> #REF! | O26: =M26*#REF! -> #REF! | R26: =SUM(N26:Q26) -> #REF!
B28: 25 | C28: Redhat OCP Master | D28: Container Platform | E28: Enterprise | F28: PT | G28: 3 | H28: 8 | I28: 32 | J28: 150 | K28: =H28*G28 -> 24 | L28: =I28*G28 -> 96 | M28: =J28*G28 -> 450 | N28: =K28*#REF! -> #REF! | O28: =M28*#REF! -> #REF! | R28: =SUM(N28:Q28) -> #REF!
B29: 26 | C29: Redhat OCP Infra Router | D29: Container Platform | E29: Enterprise | F29: PT | G29: 5 | H29: 8 | I29: 32 | J29: 150 | K29: =H29*G29 -> 40 | L29: =I29*G29 -> 160 | M29: =J29*G29 -> 750 | N29: =K29*#REF! -> #REF! | O29: =M29*#REF! -> #REF! | R29: =SUM(N29:Q29) -> #REF!
B30: 27 | C30: Redhat OCP Worker (Baremetal) | D30: Container Platform | E30: Enterprise | F30: PT | G30: 1 | H30: 64 | I30: 1024 | J30: 1024 | K30: =H30*G30 -> 64 | L30: =I30*G30 -> 1024 | M30: =J30*G30 -> 1024 | N30: 0 | O30: 0 | Q30: =G30*#REF! -> #REF! | R30: =SUM(N30:Q30) -> #REF!
B31: 28 | C31: Bastion & HA Proxy | D31: Bastion | E31: Enterprise | F31: PT | G31: 1 | H31: 4 | I31: 8 | J31: 100 | K31: =H31*G31 -> 4 | L31: =I31*G31 -> 8 | M31: =J31*G31 -> 100 | N31: =K31*#REF! -> #REF! | O31: =M31*#REF! -> #REF! | R31: =SUM(N31:Q31) -> #REF!
B32: 29 | C32: Oracle Database RAC (Baremetal) | D32: Database | E32: Enterprise | F32: PT | G32: 2 | H32: 64 | I32: 1024 | J32: 13000 | K32: =H32*G32 -> 128 | L32: =I32*G32 -> 2048 | M32: 13000 | N32: 0 | O32: =M32*#REF! -> #REF! | Q32: =G32*#REF! -> #REF! | R32: =SUM(N32:Q32) -> #REF!
B33: 30 | C33: Nginx Community | D33: Application Gateway | E33: Community | F33: PT | G33: 2 | H33: 8 | I33: 16 | J33: 200 | K33: =H33*G33 -> 16 | L33: =I33*G33 -> 32 | M33: =J33*G33 -> 400 | N33: =K33*#REF! -> #REF! | O33: =M33*#REF! -> #REF! | R33: =SUM(N33:Q33) -> #REF!
B34: 31 | C34: Redis Enterprise | D34: Cache Database | E34: Enterprise | F34: PT | G34: 3 | H34: 8 | I34: 16 | J34: 200 | K34: =H34*G34 -> 24 | L34: =I34*G34 -> 48 | M34: =J34*G34 -> 600 | N34: =K34*#REF! -> #REF! | O34: =M34*#REF! -> #REF! | R34: =SUM(N34:Q34) -> #REF!
B35: 32 | C35: Confluent Kafka Community App Log (Non Financial) | D35: Kafka Broker & Zookeeper | E35: Community | F35: PT | G35: 3 | H35: 8 | I35: 16 | J35: 1000 | K35: =H35*G35 -> 24 | L35: =I35*G35 -> 48 | M35: =J35*G35 -> 3000 | N35: =K35*#REF! -> #REF! | O35: =M35*#REF! -> #REF! | R35: =SUM(N35:Q35) -> #REF!
B36: 33 | C36: Batch Control M | D36: Batch Server | E36: Enterprise | F36: PT | G36: 1 | H36: 8 | I36: 16 | J36: 500 | K36: =H36*G36 -> 8 | L36: =I36*G36 -> 16 | M36: =J36*G36 -> 500 | N36: =K36*#REF! -> #REF! | O36: =M36*#REF! -> #REF! | R36: =SUM(N36:Q36) -> #REF!
B37: 34 | C37: MinIO | D37: Object Storage | E37: Enterprise | F37: PT | G37: 1 | H37: 16 | I37: 32 | J37: 500 | K37: =H37*G37 -> 16 | L37: =I37*G37 -> 32 | M37: =J37*G37 -> 500 | N37: =K37*#REF! -> #REF! | O37: =M37*#REF! -> #REF! | R37: =SUM(N37:Q37) -> #REF!
B38: 35 | C38: Elasticsearch Master & Data | D38: ELK Stack | E38: Community | F38: PT | G38: 3 | H38: 8 | I38: 32 | J38: 300 | K38: =H38*G38 -> 24 | L38: =I38*G38 -> 96 | M38: =J38*G38 -> 900 | N38: =K38*#REF! -> #REF! | O38: =M38*#REF! -> #REF! | R38: =SUM(N38:Q38) -> #REF!
B39: 36 | C39: Kibana Logstash | D39: ELK Stack | E39: Community | F39: PT | G39: 1 | H39: 8 | I39: 16 | J39: 300 | K39: =H39*G39 -> 8 | L39: =I39*G39 -> 16 | M39: =J39*G39 -> 300 | N39: =K39*#REF! -> #REF! | O39: =M39*#REF! -> #REF! | R39: =SUM(N39:Q39) -> #REF!
B40: 37 | C40: Wiremock | D40: Wiremock | E40: Community | F40: PT | G40: 2 | H40: 8 | I40: 24 | J40: 128 | K40: =H40*G40 -> 16 | L40: =I40*G40 -> 48 | M40: =J40*G40 -> 256 | N40: =K40*#REF! -> #REF! | O40: =M40*#REF! -> #REF! | R40: =SUM(N40:Q40) -> #REF!
B42: 38 | C42: Oracle Database (VM) | D42: Database | E42: Enterprise | F42: DEV & UAT | G42: 1 | H42: 16 | I42: 32 | J42: =2500 -> 2500 | K42: =H42*G42 -> 16 | L42: 64 | M42: =J42*G42 -> 2500 | N42: =K42*#REF! -> #REF! | O42: =M42*#REF! -> #REF! | R42: {=[1]OS!$D$30:$D$321} -> #VALUE!
B43: 39 | C43: Nginx Community | D43: Application Gateway | E43: Community | F43: DEV & UAT | G43: 2 | H43: 4 | I43: 8 | J43: 200 | K43: =H43*G43 -> 8 | L43: =I43*G43 -> 16 | M43: =J43*G43 -> 400 | N43: =K43*#REF! -> #REF! | O43: =M43*#REF! -> #REF! | R43: =SUM(N43:Q43) -> #REF!
B44: 40 | C44: Redis Community | D44: Cache Database | E44: Community | F44: DEV & UAT | G44: 1 | H44: 4 | I44: 8 | J44: 200 | K44: =H44*G44 -> 4 | L44: =I44*G44 -> 8 | M44: =J44*G44 -> 200 | N44: =K44*#REF! -> #REF! | O44: =M44*#REF! -> #REF! | R44: =SUM(N44:Q44) -> #REF!
B45: 41 | C45: Confluent Kafka Community App Log (Non Financial) | D45: Kafka Broker & Zookeeper | E45: Community | F45: DEV & UAT | G45: 3 | H45: 8 | I45: 16 | J45: 500 | K45: =H45*G45 -> 24 | L45: =I45*G45 -> 48 | M45: =J45*G45 -> 1500 | N45: =K45*#REF! -> #REF! | O45: =M45*#REF! -> #REF! | R45: =SUM(N45:Q45) -> #REF!
B46: 42 | C46: Batch Control M | D46: Batch Server | E46: Enterprise | F46: DEV & UAT | G46: 1 | H46: 8 | I46: 16 | J46: 500 | K46: =H46*G46 -> 8 | L46: =I46*G46 -> 16 | M46: =J46*G46 -> 500 | N46: =K46*#REF! -> #REF! | O46: =M46*#REF! -> #REF! | R46: =SUM(N46:Q46) -> #REF!
B47: 43 | C47: VM S3 | D47: Object Storage | E47: Enterprise | F47: DEV & UAT | G47: 1 | H47: 4 | I47: 8 | J47: 500 | K47: =H47*G47 -> 4 | L47: =I47*G47 -> 8 | M47: =J47*G47 -> 500 | N47: =K47*#REF! -> #REF! | O47: =M47*#REF! -> #REF! | R47: =SUM(N47:Q47) -> #REF!
B48: 44 | C48: Elasticsearch Master & Data | D48: ELK Stack | E48: Community | F48: DEV & UAT | G48: 3 | H48: 8 | I48: 16 | J48: 500 | K48: =H48*G48 -> 24 | L48: =I48*G48 -> 48 | M48: =J48*G48 -> 1500 | N48: =K48*#REF! -> #REF! | O48: =M48*#REF! -> #REF! | R48: =SUM(N48:Q48) -> #REF!
B49: 45 | C49: Kibana Logstash | D49: ELK Stack | E49: Community | F49: DEV & UAT | G49: 1 | H49: 8 | I49: 16 | J49: 300 | K49: =H49*G49 -> 8 | L49: =I49*G49 -> 16 | M49: =J49*G49 -> 300 | N49: =K49*#REF! -> #REF! | O49: =M49*#REF! -> #REF! | R49: =SUM(N49:Q49) -> #REF!
B50: 46 | C50: Jfrog | D50: Artifactory Repository | E50: Enterprise | F50: DEV & UAT | G50: 1 | H50: 0 | I50: 0 | J50: 500 | K50: =H50*G50 -> 0 | L50: =I50*G50 -> 0 | M50: =J50*G50 -> 500 | N50: =K50*#REF! -> #REF! | O50: =M50*#REF! -> #REF! | R50: =SUM(N50:Q50) -> #REF!
B51: 47 | C51: Jenkins | D51: CI / CD | E51: Community | F51: DEV & UAT | G51: 1 | H51: 0 | I51: 0 | J51: 500 | K51: =H51*G51 -> 0 | L51: =I51*G51 -> 0 | M51: =J51*G51 -> 500 | N51: =K51*#REF! -> #REF! | O51: =M51*#REF! -> #REF! | R51: =SUM(N51:Q51) -> #REF!
B52: 48 | C52: Redhat OCP Worker (Baremetal) | D52: Container Platform | E52: Enterprise | F52: DEV & UAT | G52: 1 | H52: 64 | I52: 1024 | J52: 1024 | K52: =H52*G52 -> 64 | L52: =I52*G52 -> 1024 | M52: =J52*G52 -> 1024 | N52: 0 | O52: 0 | Q52: =G52*#REF! -> #REF! | R52: =SUM(N52:Q52) -> #REF!
B55: Summary Hardware Prod
B56: No | C56: Item | D56: Price | G56: CPU | H56: Mem (GB) | I56: Storage (GB)
B57: 1 | C57: Redhat OCP | D57: =SUM(R3:R6,R15:R18) -> #REF! | F57: Prod | G57: =SUM(K3:K4)+SUM(K6:K6)+SUM(K8:K16)+SUM(K18:K18)+SUM(K20:K26) -> 376 | H57: =SUM(L3:L4)+SUM(L6:L6)+SUM(L8:L16)+SUM(L18:L18)+SUM(L20:L26) -> 1104 | I57: =SUM(M3:M26) -> 863048
B58: 2 | C58: Nginx Community | D58: =R8+R20 -> #REF!
B59: 3 | C59: Redis Enterprise | D59: =R9+R21 -> #REF! | F59: PT | G59: =SUM(K28:K29)+SUM(K31:K31)+SUM(K33:K39) -> 188 | H59: =SUM(L28:L29)+SUM(L31:L31)+SUM(L33:L39) -> 552 | I59: =SUM(M28:M39) -> 21524 | M59: =SUM(M3:M52) -> 894252
B60: 4 | C60: Confluent Kafka Community | D60: =R10+R22 -> #REF!
B61: 5 | C61: ELK Stack Community | D61: =SUM(R13:R14)+SUM(R25:R26) -> #REF! | F61: Dev | G61: =SUM(K42:K51) -> 96 | H61: =SUM(L42:L51) -> 224 | I61: =SUM(M42:M51) -> 8400
B62: 6 | C62: MinIO | D62: =R12+R24 -> #REF! | F62: Total Non Prod | G62: =SUM(G59:G61) -> 284 | H62: =SUM(H59:H61) -> 776 | I62: =SUM(I59:I61) -> 29924
B63: 7 | C63: Batch Control M | D63: =R11+R23 -> #REF!
B64: 8 | C64: Oracle Database RAC | D64: =R7+R19 -> #REF!
C65: Total | D65: =SUM(D57:D64) -> #REF!
G66: DC | H66: PT
B67: Summary Hardware PT | F67: Oracle | G67: 4 | H67: 2
B68: No | C68: Item | D68: Price | F68: OCP | G68: 2 | H68: 1
B69: 1 | C69: Redhat OCP | D69: =SUM(R28:R31) -> #REF!
B70: 2 | C70: Nginx Community | D70: =R33 -> #REF!
B71: 3 | C71: Redis Enterprise | D71: =R34 -> #REF! | H71: HW + License
B72: 4 | C72: Oracle Database RAC | D72: =R32 -> #REF! | F72: Platform HW Prod | G72: =SUM(D57:D63) -> #REF! | H72: =G72+J72 -> #REF! | I72: Platform License Prod | J72: =SUM(F97,#REF!,F105:F110) -> #REF!
B73: 5 | C73: Confluent Kafka Community | D73: =R35 -> #REF! | F73: Platform HW PT | G73: =SUM(D69:D71,D73:D77) -> #REF! | H73: =G73+J73 -> #REF! | I73: Platform License PT | J73: =SUM(F116,F123,F125:F125) -> #REF!
B74: 6 | C74: ELK Stack Community | D74: =R38+R39 -> #REF! | F74: Platform HW Dev | G74: =SUM(D82:D83,D85:D90) -> #REF! | H74: =G74+J74 -> #REF! | I74: Platform License Dev | J74: =SUM(F134:F136) -> #REF!
B75: 7 | C75: MinIO | D75: =R37 -> #REF! | G75: =SUM(G72:G74) -> #REF! | H75: =SUM(H72:H74) -> #REF! | J75: =SUM(J72:J74) -> #REF!
B76: 8 | C76: Batch Control M | D76: =R36 -> #REF!
B77: 9 | C77: Wiremock | D77: =R40 -> #REF! | F77: DB HW Prod | G77: =SUM(D64) -> #REF! | H77: =G77+J77 -> #REF! | I77: DB License Prod | J77: =F104 -> 96000000
C78: Total | D78: =SUM(D69:D77) -> #REF! | F78: DB HW PT | G78: =D72 -> #REF! | H78: =G78+J78 -> #REF! | I78: DB License PT | J78: =F124 -> 48000000
F79: DB HW Dev | G79: =D84 -> #VALUE! | H79: =G79+J79 -> #VALUE! | I79: DB License Dev | J79: 0
B80: Summary Hardware DEV | H80: =SUM(H77:H79) -> #REF!
B81: No | C81: Item | D81: Price | H81: =H80+H75 -> #REF!
B82: 1 | C82: Nginx Community | D82: =R43 -> #REF!
B83: 2 | C83: Redis Community | D83: =R44 -> #REF!
B84: 3 | C84: Oracle Database | D84: =R42 -> #VALUE!
B85: 4 | C85: Confluent Kafka Community | D85: =R45 -> #REF!
B86: 5 | C86: ELK Stack Community | D86: =R48+R49 -> #REF!
B87: 6 | C87: MinIO | D87: =R47 -> #REF!
B88: 7 | C88: Batch Control M | D88: =R46 -> #REF!
B89: 8 | C89: Jfrog | D89: =R50 -> #REF!
B90: 9 | C90: Jenkins | D90: =R51 -> #REF!
B91: 10 | C91: Redhat OCP | D91: =R52 -> #REF!
C92: Total | D92: =SUM(D82:D91) -> #REF!
B95: Summary License Prod
B96: No | C96: Item | D96: #of License | E96: Harga Satuan | F96: Total Harga | G96: Remarks
B97: 1 | C97: Redhat Openshift Kubernetes Engine | D97: =G5+G17 -> 2 | E97: 236922840 | F97: =E97*D97 -> 473845680
B98: 2 | C98: Oracle Database Enterprise Edition | D98: =(K7+K19)*0.5 -> 128 | E98: =#REF! -> #REF! | F98: 0 | G98: ELA
B99: 3 | C99: Oracle Diagnostic Pack | D99: =(K7+K19)*0.5 -> 128 | E99: =#REF! -> #REF! | F99: 0 | G99: ELA
B100: 4 | C100: Oracle Partitioning | D100: =(K7+K19)*0.5 -> 128 | E100: =#REF! -> #REF! | F100: 0 | G100: ELA
B101: 5 | C101: Oracle Tuning Pack | D101: =(K7+K19)*0.5 -> 128 | E101: =#REF! -> #REF! | F101: 0 | G101: ELA
B102: 6 | C102: Oracle Real Application Cluster | D102: =(K7+K19)*0.5 -> 128 | E102: =#REF! -> #REF! | F102: 0 | G102: ELA
B103: 7 | C103: Oracle Active Data Guard | D103: =(K7+K19)*0.5 -> 128 | E103: =#REF! -> #REF! | F103: 0 | G103: ELA
B104: 9 | C104: Oracle Linux DB | D104: 4 | E104: 24000000 | F104: =D104*E104 -> 96000000
B105: 10 | C105: Redis Enterprise | D105: 4 | E105: 112320000 | F105: =D105*E105 -> 449280000
B106: 11 | C106: RHEL | D106: =ROUNDUP(SUM(K6,K8,K9,K10,K11,K12,K13,K14)/64,0)*2 -> 4 | E106: =#REF! -> #REF! | F106: =E106*D106 -> #REF!
...

Sheet FS Opsi Oracle 20260620
B1: Summary Hardware
B2: No | C2: Group | D2: Description | E2: Edition | F2: Environment | G2: # of VM | H2: CPU | I2: Memory | J2: Storage | K2: Total CPU | L2: Total Memory | M2: Total Storage | N2: Pricing CPU | O2: Pricing Storage | P2: Pricing Rubrik / NBU | Q2: Pricing Baremetal | R2: Total
B3: 1 | C3: Redhat OCP Master | D3: Container Platform | E3: Enterprise | F3: DC1 | G3: 3 | H3: 8 | I3: 32 | J3: 150 | K3: =H3*G3 -> 24 | L3: =I3*G3 -> 96 | M3: =J3*G3 -> 450 | N3: =K3*#REF! -> #REF! | O3: =M3*#REF! -> #REF! | P3: 0 | R3: =SUM(N3:Q3) -> #REF!
B4: 2 | C4: Redhat OCP Infra Router | D4: Container Platform | E4: Enterprise | F4: DC1 | G4: 5 | H4: 8 | I4: 32 | J4: 150 | K4: =H4*G4 -> 40 | L4: =I4*G4 -> 160 | M4: =J4*G4 -> 750 | N4: =K4*#REF! -> #REF! | O4: =M4*#REF! -> #REF! | P4: 0 | R4: =SUM(N4:Q4) -> #REF!
B5: 3 | C5: Redhat OCP Worker (Baremetal) | D5: Container Platform | E5: Enterprise | F5: DC1 | G5: 1 | H5: 64 | I5: 1024 | J5: 1024 | K5: =H5*G5 -> 64 | L5: =I5*G5 -> 1024 | M5: =J5*G5 -> 1024 | N5: 0 | O5: 0 | P5: 0 | Q5: =G5*#REF! -> #REF! | R5: =SUM(N5:Q5) -> #REF!
B6: 4 | C6: Bastion & HA Proxy | D6: Bastion | E6: Enterprise | F6: DC1 | G6: 1 | H6: 4 | I6: 8 | J6: 100 | K6: =H6*G6 -> 4 | L6: =I6*G6 -> 8 | M6: =J6*G6 -> 100 | N6: =K6*#REF! -> #REF! | O6: =M6*#REF! -> #REF! | P6: 0 | R6: =SUM(N6:Q6) -> #REF!
B7: 5 | C7: Oracle Database RAC (Baremetal) | D7: Database | E7: Enterprise | F7: DC1 | G7: 2 | H7: 64 | I7: 1024 | J7: 60000 | K7: =H7*G7 -> 128 | L7: =I7*G7 -> 2048 | M7: =J7 -> 60000 | N7: 0 | O7: =M7*#REF! -> #REF! | P7: =M7*50%*80%*#REF! -> #REF! | Q7: =G7*#REF! -> #REF! | R7: =SUM(N7:Q7) -> #REF!
B8: 6 | C8: Nginx Community | D8: Application Gateway | E8: Community | F8: DC1 | G8: 2 | H8: 8 | I8: 16 | J8: 200 | K8: =H8*G8 -> 16 | L8: =I8*G8 -> 32 | M8: =G8*J8 -> 400 | N8: =K8*#REF! -> #REF! | O8: =M8*#REF! -> #REF! | R8: =SUM(N8:Q8) -> #REF!
B9: 7 | C9: Redis Enterprise | D9: Cache Database | E9: Enterprise | F9: DC1 | G9: 3 | H9: 8 | I9: 16 | J9: 200 | K9: =H9*G9 -> 24 | L9: =I9*G9 -> 48 | M9: =G9*J9 -> 600 | N9: =K9*#REF! -> #REF! | O9: =M9*#REF! -> #REF! | R9: =SUM(N9:Q9) -> #REF!
B10: 8 | C10: Confluent Kafka Community App Log (Non Financial) | D10: Kafka Broker & Zookeeper | E10: Community | F10: DC1 | G10: 3 | H10: 8 | I10: 16 | J10: 1000 | K10: =H10*G10 -> 24 | L10: =I10*G10 -> 48 | M10: =G10*J10 -> 3000 | N10: =K10*#REF! -> #REF! | O10: =M10*#REF! -> #REF! | R10: =SUM(N10:Q10) -> #REF!
B11: 9 | C11: Batch Control M | D11: Batch Server | E11: Enterprise | F11: DC1 | G11: 1 | H11: 8 | I11: 16 | J11: 500 | K11: =H11*G11 -> 8 | L11: =I11*G11 -> 16 | M11: =G11*J11 -> 500 | N11: =K11*#REF! -> #REF! | O11: =M11*#REF! -> #REF! | R11: =SUM(N11:Q11) -> #REF!
B12: 10 | C12: MinIO | D12: Object Storage | E12: Community | F12: DC1 | G12: 1 | H12: 16 | I12: 32 | J12: 500 | K12: =H12*G12 -> 16 | L12: =I12*G12 -> 32 | M12: =G12*J12 -> 500 | N12: =K12*#REF! -> #REF! | O12: =M12*#REF! -> #REF! | R12: =SUM(N12:Q12) -> #REF!
B13: 11 | C13: Elasticsearch Master & Data | D13: ELK Stack | E13: Community | F13: DC1 | G13: 3 | H13: 8 | I13: 32 | J13: 300 | K13: =H13*G13 -> 24 | L13: =I13*G13 -> 96 | M13: =G13*J13 -> 900 | N13: =K13*#REF! -> #REF! | O13: =M13*#REF! -> #REF! | R13: =SUM(N13:Q13) -> #REF!
B14: 12 | C14: Kibana Logstash | D14: ELK Stack | E14: Community | F14: DC1 | G14: 1 | H14: 8 | I14: 16 | J14: 300 | K14: =H14*G14 -> 8 | L14: =I14*G14 -> 16 | M14: =G14*J14 -> 300 | N14: =K14*#REF! -> #REF! | O14: =M14*#REF! -> #REF! | R14: =SUM(N14:Q14) -> #REF!
B15: 13 | C15: Redhat OCP Master | D15: Container Platform | E15: Enterprise | F15: DC2 | G15: 3 | H15: 8 | I15: 32 | J15: 150 | K15: =H15*G15 -> 24 | L15: =I15*G15 -> 96 | M15: =J15*G15 -> 450 | N15: =K15*#REF! -> #REF! | O15: =M15*#REF! -> #REF! | P15: 0 | R15: =SUM(N15:Q15) -> #REF!
B16: 14 | C16: Redhat OCP Infra Router | D16: Container Platform | E16: Enterprise | F16: DC2 | G16: 5 | H16: 8 | I16: 32 | J16: 150 | K16: =H16*G16 -> 40 | L16: =I16*G16 -> 160 | M16: =J16*G16 -> 750 | N16: =K16*#REF! -> #REF! | O16: =M16*#REF! -> #REF! | P16: 0 | R16: =SUM(N16:Q16) -> #REF!
B17: 15 | C17: Redhat OCP Worker (Baremetal) | D17: Container Platform | E17: Enterprise | F17: DC2 | G17: 1 | H17: 64 | I17: 1024 | J17: 1024 | K17: =H17*G17 -> 64 | L17: =I17*G17 -> 1024 | M17: =J17*G17 -> 1024 | N17: 0 | O17: 0 | P17: 0 | Q17: =G17*#REF! -> #REF! | R17: =SUM(N17:Q17) -> #REF!
B18: 16 | C18: Bastion & HA Proxy | D18: Bastion | E18: Enterprise | F18: DC2 | G18: 1 | H18: 4 | I18: 8 | J18: 100 | K18: =H18*G18 -> 4 | L18: =I18*G18 -> 8 | M18: =J18*G18 -> 100 | N18: =K18*#REF! -> #REF! | O18: =M18*#REF! -> #REF! | P18: 0 | R18: =SUM(N18:Q18) -> #REF!
B19: 17 | C19: Oracle Database RAC (Baremetal) | D19: Database | E19: Enterprise | F19: DC2 | G19: 2 | H19: 64 | I19: 1024 | J19: 60000 | K19: =H19*G19 -> 128 | L19: =I19*G19 -> 2048 | M19: =J19 -> 60000 | N19: 0 | O19: =M19*#REF! -> #REF! | P19: =M19*50%*80%*#REF! -> #REF! | Q19: =G19*#REF! -> #REF! | R19: =SUM(N19:Q19) -> #REF!
B20: 18 | C20: Nginx Community | D20: Application Gateway | E20: Community | F20: DC2 | G20: 2 | H20: 8 | I20: 16 | J20: 200 | K20: =H20*G20 -> 16 | L20: =I20*G20 -> 32 | M20: =J20*G20 -> 400 | N20: =K20*#REF! -> #REF! | O20: =M20*#REF! -> #REF! | R20: =SUM(N20:Q20) -> #REF!
B21: 19 | C21: Redis Enterprise | D21: Cache Database | E21: Enterprise | F21: DC2 | G21: 3 | H21: 8 | I21: 16 | J21: 200 | K21: =H21*G21 -> 24 | L21: =I21*G21 -> 48 | M21: =J21*G21 -> 600 | N21: =K21*#REF! -> #REF! | O21: =M21*#REF! -> #REF! | R21: =SUM(N21:Q21) -> #REF!
B22: 20 | C22: Confluent Kafka Community App Log (Non Financial) | D22: Kafka Broker & Zookeeper | E22: Community | F22: DC2 | G22: 3 | H22: 8 | I22: 16 | J22: 1000 | K22: =H22*G22 -> 24 | L22: =I22*G22 -> 48 | M22: =J22*G22 -> 3000 | N22: =K22*#REF! -> #REF! | O22: =M22*#REF! -> #REF! | R22: =SUM(N22:Q22) -> #REF!
B23: 21 | C23: Batch Control M | D23: Batch Server | E23: Enterprise | F23: DC2 | G23: 1 | H23: 8 | I23: 16 | J23: 500 | K23: =H23*G23 -> 8 | L23: =I23*G23 -> 16 | M23: =J23*G23 -> 500 | N23: =K23*#REF! -> #REF! | O23: =M23*#REF! -> #REF! | R23: =SUM(N23:Q23) -> #REF!
B24: 22 | C24: MinIO | D24: Object Storage | E24: Community | F24: DC2 | G24: 1 | H24: 16 | I24: 32 | J24: 500 | K24: =H24*G24 -> 16 | L24: =I24*G24 -> 32 | M24: =J24*G24 -> 500 | N24: =K24*#REF! -> #REF! | O24: =M24*#REF! -> #REF! | R24: =SUM(N24:Q24) -> #REF! | T24: Strg DB Prod | U24: =M7*2 -> 120000 | V24: =U24/U25 -> 9.2307692
B25: 23 | C25: Elasticsearch Master & Data | D25: ELK Stack | E25: Community | F25: DC2 | G25: 3 | H25: 8 | I25: 32 | J25: 300 | K25: =H25*G25 -> 24 | L25: =I25*G25 -> 96 | M25: =J25*G25 -> 900 | N25: =K25*#REF! -> #REF! | O25: =M25*#REF! -> #REF! | R25: =SUM(N25:Q25) -> #REF! | T25: Strg DB PT | U25: =M32 -> 13000 | V25: 1
B26: 24 | C26: Kibana Logstash | D26: ELK Stack | E26: Community | F26: DC2 | G26: 1 | H26: 8 | I26: 16 | J26: 300 | K26: =H26*G26 -> 8 | L26: =I26*G26 -> 16 | M26: =J26*G26 -> 300 | N26: =K26*#REF! -> #REF! | O26: =M26*#REF! -> #REF! | R26: =SUM(N26:Q26) -> #REF!
B28: 25 | C28: Redhat OCP Master | D28: Container Platform | E28: Enterprise | F28: PT | G28: 3 | H28: 8 | I28: 32 | J28: 150 | K28: =H28*G28 -> 24 | L28: =I28*G28 -> 96 | M28: =J28*G28 -> 450 | N28: =K28*#REF! -> #REF! | O28: =M28*#REF! -> #REF! | R28: =SUM(N28:Q28) -> #REF!
B29: 26 | C29: Redhat OCP Infra Router | D29: Container Platform | E29: Enterprise | F29: PT | G29: 5 | H29: 8 | I29: 32 | J29: 150 | K29: =H29*G29 -> 40 | L29: =I29*G29 -> 160 | M29: =J29*G29 -> 750 | N29: =K29*#REF! -> #REF! | O29: =M29*#REF! -> #REF! | R29: =SUM(N29:Q29) -> #REF! | T29: Strg Prod | U29: =SUM(M3:M26) -> 137048 | V29: =U29/U30 -> 6.367218
B30: 27 | C30: Redhat OCP Worker (Baremetal) | D30: Container Platform | E30: Enterprise | F30: PT | G30: 1 | H30: 64 | I30: 1024 | J30: 1024 | K30: =H30*G30 -> 64 | L30: =I30*G30 -> 1024 | M30: =J30*G30 -> 1024 | N30: 0 | O30: 0 | Q30: =G30*#REF! -> #REF! | R30: =SUM(N30:Q30) -> #REF! | T30: Strg PT | U30: =SUM(M28:M39) -> 21524 | V30: =1 -> 1
B31: 28 | C31: Bastion & HA Proxy | D31: Bastion | E31: Enterprise | F31: PT | G31: 1 | H31: 4 | I31: 8 | J31: 100 | K31: =H31*G31 -> 4 | L31: =I31*G31 -> 8 | M31: =J31*G31 -> 100 | N31: =K31*#REF! -> #REF! | O31: =M31*#REF! -> #REF! | R31: =SUM(N31:Q31) -> #REF!
B32: 29 | C32: Oracle Database RAC (Baremetal) | D32: Database | E32: Enterprise | F32: PT | G32: 2 | H32: 64 | I32: 1024 | J32: 13000 | K32: =H32*G32 -> 128 | L32: =I32*G32 -> 2048 | M32: 13000 | N32: 0 | O32: =M32*#REF! -> #REF! | Q32: =G32*#REF! -> #REF! | R32: =SUM(N32:Q32) -> #REF! | T32: Memoru Prod | U32: =SUM(L3:L26) -> 7248 | V32: =U32/U33 -> 1.9738562
B33: 30 | C33: Nginx Community | D33: Application Gateway | E33: Community | F33: PT | G33: 2 | H33: 8 | I33: 16 | J33: 200 | K33: =H33*G33 -> 16 | L33: =I33*G33 -> 32 | M33: =J33*G33 -> 400 | N33: =K33*#REF! -> #REF! | O33: =M33*#REF! -> #REF! | R33: =SUM(N33:Q33) -> #REF! | T33: Memory PT | U33: =SUM(L28:L40) -> 3672 | V33: 1
B34: 31 | C34: Redis Enterprise | D34: Cache Database | E34: Enterprise | F34: PT | G34: 3 | H34: 8 | I34: 16 | J34: 200 | K34: =H34*G34 -> 24 | L34: =I34*G34 -> 48 | M34: =J34*G34 -> 600 | N34: =K34*#REF! -> #REF! | O34: =M34*#REF! -> #REF! | R34: =SUM(N34:Q34) -> #REF!
B35: 32 | C35: Confluent Kafka Community App Log (Non Financial) | D35: Kafka Broker & Zookeeper | E35: Community | F35: PT | G35: 3 | H35: 8 | I35: 16 | J35: 1000 | K35: =H35*G35 -> 24 | L35: =I35*G35 -> 48 | M35: =J35*G35 -> 3000 | N35: =K35*#REF! -> #REF! | O35: =M35*#REF! -> #REF! | R35: =SUM(N35:Q35) -> #REF! | T35: CPU Prod
B36: 33 | C36: Batch Control M | D36: Batch Server | E36: Enterprise | F36: PT | G36: 1 | H36: 8 | I36: 16 | J36: 500 | K36: =H36*G36 -> 8 | L36: =I36*G36 -> 16 | M36: =J36*G36 -> 500 | N36: =K36*#REF! -> #REF! | O36: =M36*#REF! -> #REF! | R36: =SUM(N36:Q36) -> #REF! | T36: CPU Dev
B37: 34 | C37: MinIO | D37: Object Storage | E37: Enterprise | F37: PT | G37: 1 | H37: 16 | I37: 32 | J37: 500 | K37: =H37*G37 -> 16 | L37: =I37*G37 -> 32 | M37: =J37*G37 -> 500 | N37: =K37*#REF! -> #REF! | O37: =M37*#REF! -> #REF! | R37: =SUM(N37:Q37) -> #REF!
B38: 35 | C38: Elasticsearch Master & Data | D38: ELK Stack | E38: Community | F38: PT | G38: 3 | H38: 8 | I38: 32 | J38: 300 | K38: =H38*G38 -> 24 | L38: =I38*G38 -> 96 | M38: =J38*G38 -> 900 | N38: =K38*#REF! -> #REF! | O38: =M38*#REF! -> #REF! | R38: =SUM(N38:Q38) -> #REF!
B39: 36 | C39: Kibana Logstash | D39: ELK Stack | E39: Community | F39: PT | G39: 1 | H39: 8 | I39: 16 | J39: 300 | K39: =H39*G39 -> 8 | L39: =I39*G39 -> 16 | M39: =J39*G39 -> 300 | N39: =K39*#REF! -> #REF! | O39: =M39*#REF! -> #REF! | R39: =SUM(N39:Q39) -> #REF!
B40: 37 | C40: Wiremock | D40: Wiremock | E40: Community | F40: PT | G40: 2 | H40: 8 | I40: 24 | J40: 128 | K40: =H40*G40 -> 16 | L40: =I40*G40 -> 48 | M40: =J40*G40 -> 256 | N40: =K40*#REF! -> #REF! | O40: =M40*#REF! -> #REF! | R40: =SUM(N40:Q40) -> #REF!
B42: 38 | C42: Oracle Database (VM) | D42: Database | E42: Enterprise | F42: DEV & UAT | G42: 1 | H42: 16 | I42: 32 | J42: =2500 -> 2500 | K42: =H42*G42 -> 16 | L42: 64 | M42: =J42*G42 -> 2500 | N42: =K42*#REF! -> #REF! | O42: =M42*#REF! -> #REF! | R42: =SUM(N42:Q42) -> #REF!
B43: 39 | C43: Nginx Community | D43: Application Gateway | E43: Community | F43: DEV & UAT | G43: 2 | H43: 4 | I43: 8 | J43: 200 | K43: =H43*G43 -> 8 | L43: =I43*G43 -> 16 | M43: =J43*G43 -> 400 | N43: =K43*#REF! -> #REF! | O43: =M43*#REF! -> #REF! | R43: =SUM(N43:Q43) -> #REF!
B44: 40 | C44: Redis Community | D44: Cache Database | E44: Community | F44: DEV & UAT | G44: 1 | H44: 4 | I44: 8 | J44: 200 | K44: =H44*G44 -> 4 | L44: =I44*G44 -> 8 | M44: =J44*G44 -> 200 | N44: =K44*#REF! -> #REF! | O44: =M44*#REF! -> #REF! | R44: =SUM(N44:Q44) -> #REF!
B45: 41 | C45: Confluent Kafka Community App Log (Non Financial) | D45: Kafka Broker & Zookeeper | E45: Community | F45: DEV & UAT | G45: 3 | H45: 8 | I45: 16 | J45: 500 | K45: =H45*G45 -> 24 | L45: =I45*G45 -> 48 | M45: =J45*G45 -> 1500 | N45: =K45*#REF! -> #REF! | O45: =M45*#REF! -> #REF! | R45: =SUM(N45:Q45) -> #REF!
B46: 42 | C46: Batch Control M | D46: Batch Server | E46: Enterprise | F46: DEV & UAT | G46: 1 | H46: 8 | I46: 16 | J46: 500 | K46: =H46*G46 -> 8 | L46: =I46*G46 -> 16 | M46: =J46*G46 -> 500 | N46: =K46*#REF! -> #REF! | O46: =M46*#REF! -> #REF! | R46: =SUM(N46:Q46) -> #REF!
B47: 43 | C47: VM S3 | D47: Object Storage | E47: Enterprise | F47: DEV & UAT | G47: 1 | H47: 4 | I47: 8 | J47: 500 | K47: =H47*G47 -> 4 | L47: =I47*G47 -> 8 | M47: =J47*G47 -> 500 | N47: =K47*#REF! -> #REF! | O47: =M47*#REF! -> #REF! | R47: =SUM(N47:Q47) -> #REF!
B48: 44 | C48: Elasticsearch Master & Data | D48: ELK Stack | E48: Community | F48: DEV & UAT | G48: 3 | H48: 8 | I48: 16 | J48: 500 | K48: =H48*G48 -> 24 | L48: =I48*G48 -> 48 | M48: =J48*G48 -> 1500 | N48: =K48*#REF! -> #REF! | O48: =M48*#REF! -> #REF! | R48: =SUM(N48:Q48) -> #REF!
B49: 45 | C49: Kibana Logstash | D49: ELK Stack | E49: Community | F49: DEV & UAT | G49: 1 | H49: 8 | I49: 16 | J49: 300 | K49: =H49*G49 -> 8 | L49: =I49*G49 -> 16 | M49: =J49*G49 -> 300 | N49: =K49*#REF! -> #REF! | O49: =M49*#REF! -> #REF! | R49: =SUM(N49:Q49) -> #REF!
B50: 46 | C50: Jfrog | D50: Artifactory Repository | E50: Enterprise | F50: DEV & UAT | G50: 1 | H50: 0 | I50: 0 | J50: 500 | K50: =H50*G50 -> 0 | L50: =I50*G50 -> 0 | M50: =J50*G50 -> 500 | N50: =K50*#REF! -> #REF! | O50: =M50*#REF! -> #REF! | R50: =SUM(N50:Q50) -> #REF!
B51: 47 | C51: Jenkins | D51: CI / CD | E51: Community | F51: DEV & UAT | G51: 1 | H51: 0 | I51: 0 | J51: 500 | K51: =H51*G51 -> 0 | L51: =I51*G51 -> 0 | M51: =J51*G51 -> 500 | N51: =K51*#REF! -> #REF! | O51: =M51*#REF! -> #REF! | R51: =SUM(N51:Q51) -> #REF!
B52: 48 | C52: Redhat OCP Worker (Baremetal) | D52: Container Platform | E52: Enterprise | F52: DEV & UAT | G52: 1 | H52: 64 | I52: 1024 | J52: 1024 | K52: =H52*G52 -> 64 | L52: =I52*G52 -> 1024 | M52: =J52*G52 -> 1024 | N52: 0 | O52: 0 | Q52: =G52*#REF! -> #REF! | R52: =SUM(N52:Q52) -> #REF!
B55: Summary Hardware Prod
B56: No | C56: Item | D56: Price | G56: CPU | H56: Mem (GB) | I56: Storage (GB)
B57: 1 | C57: Redhat OCP | D57: =SUM(R3:R6,R15:R18) -> #REF! | F57: Prod | G57: =SUM(K3:K4)+SUM(K6:K6)+SUM(K8:K16)+SUM(K18:K18)+SUM(K20:K26) -> 376 | H57: =SUM(L3:L4)+SUM(L6:L6)+SUM(L8:L16)+SUM(L18:L18)+SUM(L20:L26) -> 1104 | I57: =SUM(M3:M26) -> 137048
B58: 2 | C58: Nginx Community | D58: =R8+R20 -> #REF!
B59: 3 | C59: Redis Enterprise | D59: =R9+R21 -> #REF! | F59: PT | G59: =SUM(K28:K29)+SUM(K31:K31)+SUM(K33:K39) -> 188 | H59: =SUM(L28:L29)+SUM(L31:L31)+SUM(L33:L39) -> 552 | I59: =SUM(M28:M39) -> 21524 | M59: =SUM(M3:M52) -> 168252
B60: 4 | C60: Confluent Kafka Community | D60: =R10+R22 -> #REF!
B61: 5 | C61: ELK Stack Community | D61: =SUM(R13:R14)+SUM(R25:R26) -> #REF! | F61: Dev | G61: =SUM(K42:K51) -> 96 | H61: =SUM(L42:L51) -> 224 | I61: =SUM(M42:M51) -> 8400
B62: 6 | C62: MinIO | D62: =R12+R24 -> #REF! | F62: Total Non Prod | G62: =SUM(G59:G61) -> 284 | H62: =SUM(H59:H61) -> 776 | I62: =SUM(I59:I61) -> 29924
B63: 7 | C63: Batch Control M | D63: =R11+R23 -> #REF!
B64: 8 | C64: Oracle Database RAC | D64: =R7+R19 -> #REF!
C65: Total | D65: =SUM(D57:D64) -> #REF!
G66: DC | H66: PT
B67: Summary Hardware PT | F67: Oracle | G67: 4 | H67: 2
B68: No | C68: Item | D68: Price | F68: OCP | G68: 2 | H68: 1
B69: 1 | C69: Redhat OCP | D69: =SUM(R28:R31) -> #REF!
B70: 2 | C70: Nginx Community | D70: =R33 -> #REF!
B71: 3 | C71: Redis Enterprise | D71: =R34 -> #REF! | H71: HW + License
B72: 4 | C72: Oracle Database RAC | D72: =R32 -> #REF! | F72: Platform HW Prod | G72: =SUM(D57:D63) -> #REF! | H72: =G72+J72 -> #REF! | I72: Platform License Prod | J72: =SUM(F97,#REF!,F105:F110) -> #REF!
B73: 5 | C73: Confluent Kafka Community | D73: =R35 -> #REF! | F73: Platform HW PT | G73: =SUM(D69:D71,D73:D77) -> #REF! | H73: =G73+J73 -> #REF! | I73: Platform License PT | J73: =SUM(F116,F123,F125:F125) -> #REF!
B74: 6 | C74: ELK Stack Community | D74: =R38+R39 -> #REF! | F74: Platform HW Dev | G74: =SUM(D82:D83,D85:D90) -> #REF! | H74: =G74+J74 -> #REF! | I74: Platform License Dev | J74: =SUM(F134:F136) -> #REF!
B75: 7 | C75: MinIO | D75: =R37 -> #REF! | G75: =SUM(G72:G74) -> #REF! | H75: =SUM(H72:H74) -> #REF! | J75: =SUM(J72:J74) -> #REF!
B76: 8 | C76: Batch Control M | D76: =R36 -> #REF!
B77: 9 | C77: Wiremock | D77: =R40 -> #REF! | F77: DB HW Prod | G77: =SUM(D64) -> #REF! | H77: =G77+J77 -> #REF! | I77: DB License Prod | J77: =F104 -> 96000000
C78: Total | D78: =SUM(D69:D77) -> #REF! | F78: DB HW PT | G78: =D72 -> #REF! | H78: =G78+J78 -> #REF! | I78: DB License PT | J78: =F124 -> 48000000
F79: DB HW Dev | G79: =D84 -> #REF! | H79: =G79+J79 -> #REF! | I79: DB License Dev | J79: 0
B80: Summary Hardware DEV | H80: =SUM(H77:H79) -> #REF!
B81: No | C81: Item | D81: Price | H81: =H80+H75 -> #REF!
B82: 1 | C82: Nginx Community | D82: =R43 -> #REF!
B83: 2 | C83: Redis Community | D83: =R44 -> #REF!
B84: 3 | C84: Oracle Database | D84: =R42 -> #REF!
B85: 4 | C85: Confluent Kafka Community | D85: =R45 -> #REF!
B86: 5 | C86: ELK Stack Community | D86: =R48+R49 -> #REF!
B87: 6 | C87: MinIO | D87: =R47 -> #REF!
B88: 7 | C88: Batch Control M | D88: =R46 -> #REF!
B89: 8 | C89: Jfrog | D89: =R50 -> #REF!
B90: 9 | C90: Jenkins | D90: =R51 -> #REF!
B91: 10 | C91: Redhat OCP | D91: =R52 -> #REF!
C92: Total | D92: =SUM(D82:D91) -> #REF!
B95: Summary License Prod
B96: No | C96: Item | D96: #of License | E96: Harga Satuan | F96: Total Harga | G96: Remarks
B97: 1 | C97: Redhat Openshift Kubernetes Engine | D97: =G5+G17 -> 2 | E97: 236922840 | F97: =E97*D97 -> 473845680
B98: 2 | C98: Oracle Database Enterprise Edition | D98: =(K7+K19)*0.5 -> 128 | E98: =#REF! -> #REF! | F98: 0 | G98: ELA
B99: 3 | C99: Oracle Diagnostic Pack | D99: =(K7+K19)*0.5 -> 128 | E99: =#REF! -> #REF! | F99: 0 | G99: ELA
B100: 4 | C100: Oracle Partitioning | D100: =(K7+K19)*0.5 -> 128 | E100: =#REF! -> #REF! | F100: 0 | G100: ELA
B101: 5 | C101: Oracle Tuning Pack | D101: =(K7+K19)*0.5 -> 128 | E101: =#REF! -> #REF! | F101: 0 | G101: ELA
B102: 6 | C102: Oracle Real Application Cluster | D102: =(K7+K19)*0.5 -> 128 | E102: =#REF! -> #REF! | F102: 0 | G102: ELA
B103: 7 | C103: Oracle Active Data Guard | D103: =(K7+K19)*0.5 -> 128 | E103: =#REF! -> #REF! | F103: 0 | G103: ELA
B104: 9 | C104: Oracle Linux DB | D104: 4 | E104: 24000000 | F104: =D104*E104 -> 96000000
B105: 10 | C105: Redis Enterprise | D105: 4 | E105: 112320000 | F105: =D105*E105 -> 449280000
B106: 11 | C106: RHEL | D106: =ROUNDUP(SUM(K6,K8,K9,K10,K11,K12,K13,K14)/64,0)*2 -> 4 | E106: =#REF! -> #REF! | F106: =E106*D106 -> #REF!
...

Sheet FS Opsi Oracle RAC T3
B1: Summary Hardware
B2: No | C2: Group | D2: Description | E2: Edition | F2: Environment | G2: # of VM | H2: CPU | I2: Memory | J2: Storage | K2: Total CPU | L2: Total Memory | M2: Total Storage | N2: Pricing CPU | O2: Pricing Storage | P2: Pricing Rubrik / NBU | Q2: Pricing Baremetal | R2: Total
B3: 1 | C3: Redhat OCP Master | D3: Container Platform | E3: Enterprise | F3: DC1 | G3: 3 | H3: 8 | I3: 32 | J3: 150 | K3: =H3*G3 -> 24 | L3: =I3*G3 -> 96 | M3: =J3*G3 -> 450 | N3: =K3*#REF! -> #REF! | O3: =M3*#REF! -> #REF! | P3: 0 | R3: =SUM(N3:Q3) -> #REF!
B4: 2 | C4: Redhat OCP Infra Router | D4: Container Platform | E4: Enterprise | F4: DC1 | G4: 5 | H4: 8 | I4: 32 | J4: 150 | K4: =H4*G4 -> 40 | L4: =I4*G4 -> 160 | M4: =J4*G4 -> 750 | N4: =K4*#REF! -> #REF! | O4: =M4*#REF! -> #REF! | P4: 0 | R4: =SUM(N4:Q4) -> #REF!
B5: 3 | C5: Redhat OCP Worker (Baremetal) | D5: Container Platform | E5: Enterprise | F5: DC1 | G5: 1 | H5: 64 | I5: 1024 | J5: 1024 | K5: =H5*G5 -> 64 | L5: =I5*G5 -> 1024 | M5: =J5*G5 -> 1024 | N5: 0 | O5: 0 | P5: 0 | Q5: =G5*#REF! -> #REF! | R5: =SUM(N5:Q5) -> #REF!
B6: 4 | C6: Bastion & HA Proxy | D6: Bastion | E6: Enterprise | F6: DC1 | G6: 1 | H6: 4 | I6: 8 | J6: 100 | K6: =H6*G6 -> 4 | L6: =I6*G6 -> 8 | M6: =J6*G6 -> 100 | N6: =K6*#REF! -> #REF! | O6: =M6*#REF! -> #REF! | P6: 0 | R6: =SUM(N6:Q6) -> #REF!
B7: 5 | C7: Oracle Database RAC (Baremetal) | D7: Database | E7: Enterprise | F7: DC1 | G7: 2 | H7: 64 | I7: 1024 | J7: 60000 | K7: =H7*G7 -> 128 | L7: =I7*G7 -> 2048 | M7: =J7 -> 60000 | N7: 0 | O7: =M7*#REF! -> #REF! | P7: =M7*50%*80%*#REF! -> #REF! | Q7: =G7*#REF! -> #REF! | R7: =SUM(N7:Q7) -> #REF!
B8: 6 | C8: Nginx Community | D8: Application Gateway | E8: Community | F8: DC1 | G8: 2 | H8: 8 | I8: 16 | J8: 200 | K8: =H8*G8 -> 16 | L8: =I8*G8 -> 32 | M8: =G8*J8 -> 400 | N8: =K8*#REF! -> #REF! | O8: =M8*#REF! -> #REF! | R8: =SUM(N8:Q8) -> #REF!
B9: 7 | C9: Redis Enterprise | D9: Cache Database | E9: Enterprise | F9: DC1 | G9: 3 | H9: 8 | I9: 16 | J9: 200 | K9: =H9*G9 -> 24 | L9: =I9*G9 -> 48 | M9: =G9*J9 -> 600 | N9: =K9*#REF! -> #REF! | O9: =M9*#REF! -> #REF! | R9: =SUM(N9:Q9) -> #REF!
B10: 8 | C10: Confluent Kafka Community App Log (Non Financial) | D10: Kafka Broker & Zookeeper | E10: Community | F10: DC1 | G10: 3 | H10: 8 | I10: 16 | J10: 1000 | K10: =H10*G10 -> 24 | L10: =I10*G10 -> 48 | M10: =G10*J10 -> 3000 | N10: =K10*#REF! -> #REF! | O10: =M10*#REF! -> #REF! | R10: =SUM(N10:Q10) -> #REF!
B11: 9 | C11: Batch Control M | D11: Batch Server | E11: Enterprise | F11: DC1 | G11: 1 | H11: 8 | I11: 16 | J11: 500 | K11: =H11*G11 -> 8 | L11: =I11*G11 -> 16 | M11: =G11*J11 -> 500 | N11: =K11*#REF! -> #REF! | O11: =M11*#REF! -> #REF! | R11: =SUM(N11:Q11) -> #REF!
B12: 10 | C12: MinIO | D12: Object Storage | E12: Community | F12: DC1 | G12: 1 | H12: 16 | I12: 32 | J12: 500 | K12: =H12*G12 -> 16 | L12: =I12*G12 -> 32 | M12: =G12*J12 -> 500 | N12: =K12*#REF! -> #REF! | O12: =M12*#REF! -> #REF! | R12: =SUM(N12:Q12) -> #REF!
B13: 11 | C13: Elasticsearch Master & Data | D13: ELK Stack | E13: Community | F13: DC1 | G13: 3 | H13: 8 | I13: 32 | J13: 300 | K13: =H13*G13 -> 24 | L13: =I13*G13 -> 96 | M13: =G13*J13 -> 900 | N13: =K13*#REF! -> #REF! | O13: =M13*#REF! -> #REF! | R13: =SUM(N13:Q13) -> #REF!
B14: 12 | C14: Kibana Logstash | D14: ELK Stack | E14: Community | F14: DC1 | G14: 1 | H14: 8 | I14: 16 | J14: 300 | K14: =H14*G14 -> 8 | L14: =I14*G14 -> 16 | M14: =G14*J14 -> 300 | N14: =K14*#REF! -> #REF! | O14: =M14*#REF! -> #REF! | R14: =SUM(N14:Q14) -> #REF!
B15: 13 | C15: Redhat OCP Master | D15: Container Platform | E15: Enterprise | F15: DC2 | G15: 3 | H15: 8 | I15: 32 | J15: 150 | K15: =H15*G15 -> 24 | L15: =I15*G15 -> 96 | M15: =J15*G15 -> 450 | N15: =K15*#REF! -> #REF! | O15: =M15*#REF! -> #REF! | P15: 0 | R15: =SUM(N15:Q15) -> #REF!
B16: 14 | C16: Redhat OCP Infra Router | D16: Container Platform | E16: Enterprise | F16: DC2 | G16: 5 | H16: 8 | I16: 32 | J16: 150 | K16: =H16*G16 -> 40 | L16: =I16*G16 -> 160 | M16: =J16*G16 -> 750 | N16: =K16*#REF! -> #REF! | O16: =M16*#REF! -> #REF! | P16: 0 | R16: =SUM(N16:Q16) -> #REF!
B17: 15 | C17: Redhat OCP Worker (Baremetal) | D17: Container Platform | E17: Enterprise | F17: DC2 | G17: 1 | H17: 64 | I17: 1024 | J17: 1024 | K17: =H17*G17 -> 64 | L17: =I17*G17 -> 1024 | M17: =J17*G17 -> 1024 | N17: 0 | O17: 0 | P17: 0 | Q17: =G17*#REF! -> #REF! | R17: =SUM(N17:Q17) -> #REF!
B18: 16 | C18: Bastion & HA Proxy | D18: Bastion | E18: Enterprise | F18: DC2 | G18: 1 | H18: 4 | I18: 8 | J18: 100 | K18: =H18*G18 -> 4 | L18: =I18*G18 -> 8 | M18: =J18*G18 -> 100 | N18: =K18*#REF! -> #REF! | O18: =M18*#REF! -> #REF! | P18: 0 | R18: =SUM(N18:Q18) -> #REF!
B19: 17 | C19: Oracle Database RAC (Baremetal) | D19: Database | E19: Enterprise | F19: DC2 | G19: 2 | H19: 64 | I19: 1024 | J19: 60000 | K19: =H19*G19 -> 128 | L19: =I19*G19 -> 2048 | M19: =J19 -> 60000 | N19: 0 | O19: =M19*#REF! -> #REF! | P19: =M19*50%*80%*#REF! -> #REF! | Q19: =G19*#REF! -> #REF! | R19: =SUM(N19:Q19) -> #REF!
B20: 18 | C20: Nginx Community | D20: Application Gateway | E20: Community | F20: DC2 | G20: 2 | H20: 8 | I20: 16 | J20: 200 | K20: =H20*G20 -> 16 | L20: =I20*G20 -> 32 | M20: =J20*G20 -> 400 | N20: =K20*#REF! -> #REF! | O20: =M20*#REF! -> #REF! | R20: =SUM(N20:Q20) -> #REF!
B21: 19 | C21: Redis Enterprise | D21: Cache Database | E21: Enterprise | F21: DC2 | G21: 3 | H21: 8 | I21: 16 | J21: 200 | K21: =H21*G21 -> 24 | L21: =I21*G21 -> 48 | M21: =J21*G21 -> 600 | N21: =K21*#REF! -> #REF! | O21: =M21*#REF! -> #REF! | R21: =SUM(N21:Q21) -> #REF!
B22: 20 | C22: Confluent Kafka Community App Log (Non Financial) | D22: Kafka Broker & Zookeeper | E22: Community | F22: DC2 | G22: 3 | H22: 8 | I22: 16 | J22: 1000 | K22: =H22*G22 -> 24 | L22: =I22*G22 -> 48 | M22: =J22*G22 -> 3000 | N22: =K22*#REF! -> #REF! | O22: =M22*#REF! -> #REF! | R22: =SUM(N22:Q22) -> #REF!
B23: 21 | C23: Batch Control M | D23: Batch Server | E23: Enterprise | F23: DC2 | G23: 1 | H23: 8 | I23: 16 | J23: 500 | K23: =H23*G23 -> 8 | L23: =I23*G23 -> 16 | M23: =J23*G23 -> 500 | N23: =K23*#REF! -> #REF! | O23: =M23*#REF! -> #REF! | R23: =SUM(N23:Q23) -> #REF!
B24: 22 | C24: MinIO | D24: Object Storage | E24: Community | F24: DC2 | G24: 1 | H24: 16 | I24: 32 | J24: 500 | K24: =H24*G24 -> 16 | L24: =I24*G24 -> 32 | M24: =J24*G24 -> 500 | N24: =K24*#REF! -> #REF! | O24: =M24*#REF! -> #REF! | R24: =SUM(N24:Q24) -> #REF! | T24: Strg DB Prod | U24: =M7*2 -> 120000 | V24: =U24/U25 -> 9.2307692
B25: 23 | C25: Elasticsearch Master & Data | D25: ELK Stack | E25: Community | F25: DC2 | G25: 3 | H25: 8 | I25: 32 | J25: 300 | K25: =H25*G25 -> 24 | L25: =I25*G25 -> 96 | M25: =J25*G25 -> 900 | N25: =K25*#REF! -> #REF! | O25: =M25*#REF! -> #REF! | R25: =SUM(N25:Q25) -> #REF! | T25: Strg DB PT | U25: =M32 -> 13000 | V25: 1
B26: 24 | C26: Kibana Logstash | D26: ELK Stack | E26: Community | F26: DC2 | G26: 1 | H26: 8 | I26: 16 | J26: 300 | K26: =H26*G26 -> 8 | L26: =I26*G26 -> 16 | M26: =J26*G26 -> 300 | N26: =K26*#REF! -> #REF! | O26: =M26*#REF! -> #REF! | R26: =SUM(N26:Q26) -> #REF!
B28: 25 | C28: Redhat OCP Master | D28: Container Platform | E28: Enterprise | F28: PT | G28: 3 | H28: 8 | I28: 32 | J28: 150 | K28: =H28*G28 -> 24 | L28: =I28*G28 -> 96 | M28: =J28*G28 -> 450 | N28: =K28*#REF! -> #REF! | O28: =M28*#REF! -> #REF! | R28: =SUM(N28:Q28) -> #REF!
B29: 26 | C29: Redhat OCP Infra Router | D29: Container Platform | E29: Enterprise | F29: PT | G29: 5 | H29: 8 | I29: 32 | J29: 150 | K29: =H29*G29 -> 40 | L29: =I29*G29 -> 160 | M29: =J29*G29 -> 750 | N29: =K29*#REF! -> #REF! | O29: =M29*#REF! -> #REF! | R29: =SUM(N29:Q29) -> #REF! | T29: Strg Prod | U29: =SUM(M3:M26) -> 137048 | V29: =U29/U30 -> 6.367218
B30: 27 | C30: Redhat OCP Worker (Baremetal) | D30: Container Platform | E30: Enterprise | F30: PT | G30: 1 | H30: 64 | I30: 1024 | J30: 1024 | K30: =H30*G30 -> 64 | L30: =I30*G30 -> 1024 | M30: =J30*G30 -> 1024 | N30: 0 | O30: 0 | Q30: =G30*#REF! -> #REF! | R30: =SUM(N30:Q30) -> #REF! | T30: Strg PT | U30: =SUM(M28:M39) -> 21524 | V30: =1 -> 1
B31: 28 | C31: Bastion & HA Proxy | D31: Bastion | E31: Enterprise | F31: PT | G31: 1 | H31: 4 | I31: 8 | J31: 100 | K31: =H31*G31 -> 4 | L31: =I31*G31 -> 8 | M31: =J31*G31 -> 100 | N31: =K31*#REF! -> #REF! | O31: =M31*#REF! -> #REF! | R31: =SUM(N31:Q31) -> #REF!
B32: 29 | C32: Oracle Database RAC (Baremetal) | D32: Database | E32: Enterprise | F32: PT | G32: 2 | H32: 64 | I32: 1024 | J32: 13000 | K32: =H32*G32 -> 128 | L32: =I32*G32 -> 2048 | M32: 13000 | N32: 0 | O32: =M32*#REF! -> #REF! | Q32: =G32*#REF! -> #REF! | R32: =SUM(N32:Q32) -> #REF! | T32: Memoru Prod | U32: =SUM(L3:L26) -> 7248 | V32: =U32/U33 -> 1.9738562
B33: 30 | C33: Nginx Community | D33: Application Gateway | E33: Community | F33: PT | G33: 2 | H33: 8 | I33: 16 | J33: 200 | K33: =H33*G33 -> 16 | L33: =I33*G33 -> 32 | M33: =J33*G33 -> 400 | N33: =K33*#REF! -> #REF! | O33: =M33*#REF! -> #REF! | R33: =SUM(N33:Q33) -> #REF! | T33: Memory PT | U33: =SUM(L28:L40) -> 3672 | V33: 1
B34: 31 | C34: Redis Enterprise | D34: Cache Database | E34: Enterprise | F34: PT | G34: 3 | H34: 8 | I34: 16 | J34: 200 | K34: =H34*G34 -> 24 | L34: =I34*G34 -> 48 | M34: =J34*G34 -> 600 | N34: =K34*#REF! -> #REF! | O34: =M34*#REF! -> #REF! | R34: =SUM(N34:Q34) -> #REF!
B35: 32 | C35: Confluent Kafka Community App Log (Non Financial) | D35: Kafka Broker & Zookeeper | E35: Community | F35: PT | G35: 3 | H35: 8 | I35: 16 | J35: 1000 | K35: =H35*G35 -> 24 | L35: =I35*G35 -> 48 | M35: =J35*G35 -> 3000 | N35: =K35*#REF! -> #REF! | O35: =M35*#REF! -> #REF! | R35: =SUM(N35:Q35) -> #REF! | T35: CPU Prod
B36: 33 | C36: Batch Control M | D36: Batch Server | E36: Enterprise | F36: PT | G36: 1 | H36: 8 | I36: 16 | J36: 500 | K36: =H36*G36 -> 8 | L36: =I36*G36 -> 16 | M36: =J36*G36 -> 500 | N36: =K36*#REF! -> #REF! | O36: =M36*#REF! -> #REF! | R36: =SUM(N36:Q36) -> #REF! | T36: CPU Dev
B37: 34 | C37: MinIO | D37: Object Storage | E37: Enterprise | F37: PT | G37: 1 | H37: 16 | I37: 32 | J37: 500 | K37: =H37*G37 -> 16 | L37: =I37*G37 -> 32 | M37: =J37*G37 -> 500 | N37: =K37*#REF! -> #REF! | O37: =M37*#REF! -> #REF! | R37: =SUM(N37:Q37) -> #REF!
B38: 35 | C38: Elasticsearch Master & Data | D38: ELK Stack | E38: Community | F38: PT | G38: 3 | H38: 8 | I38: 32 | J38: 300 | K38: =H38*G38 -> 24 | L38: =I38*G38 -> 96 | M38: =J38*G38 -> 900 | N38: =K38*#REF! -> #REF! | O38: =M38*#REF! -> #REF! | R38: =SUM(N38:Q38) -> #REF!
B39: 36 | C39: Kibana Logstash | D39: ELK Stack | E39: Community | F39: PT | G39: 1 | H39: 8 | I39: 16 | J39: 300 | K39: =H39*G39 -> 8 | L39: =I39*G39 -> 16 | M39: =J39*G39 -> 300 | N39: =K39*#REF! -> #REF! | O39: =M39*#REF! -> #REF! | R39: =SUM(N39:Q39) -> #REF!
B40: 37 | C40: Wiremock | D40: Wiremock | E40: Community | F40: PT | G40: 2 | H40: 8 | I40: 24 | J40: 128 | K40: =H40*G40 -> 16 | L40: =I40*G40 -> 48 | M40: =J40*G40 -> 256 | N40: =K40*#REF! -> #REF! | O40: =M40*#REF! -> #REF! | R40: =SUM(N40:Q40) -> #REF!
B42: 38 | C42: Oracle Database (VM) | D42: Database | E42: Enterprise | F42: DEV & UAT | G42: 1 | H42: 16 | I42: 32 | J42: =2500 -> 2500 | K42: =H42*G42 -> 16 | L42: 64 | M42: =J42*G42 -> 2500 | N42: =K42*#REF! -> #REF! | O42: =M42*#REF! -> #REF! | R42: =SUM(N42:Q42) -> #REF!
B43: 39 | C43: Nginx Community | D43: Application Gateway | E43: Community | F43: DEV & UAT | G43: 2 | H43: 4 | I43: 8 | J43: 200 | K43: =H43*G43 -> 8 | L43: =I43*G43 -> 16 | M43: =J43*G43 -> 400 | N43: =K43*#REF! -> #REF! | O43: =M43*#REF! -> #REF! | R43: =SUM(N43:Q43) -> #REF!
B44: 40 | C44: Redis Community | D44: Cache Database | E44: Community | F44: DEV & UAT | G44: 1 | H44: 4 | I44: 8 | J44: 200 | K44: =H44*G44 -> 4 | L44: =I44*G44 -> 8 | M44: =J44*G44 -> 200 | N44: =K44*#REF! -> #REF! | O44: =M44*#REF! -> #REF! | R44: =SUM(N44:Q44) -> #REF!
B45: 41 | C45: Confluent Kafka Community App Log (Non Financial) | D45: Kafka Broker & Zookeeper | E45: Community | F45: DEV & UAT | G45: 3 | H45: 8 | I45: 16 | J45: 500 | K45: =H45*G45 -> 24 | L45: =I45*G45 -> 48 | M45: =J45*G45 -> 1500 | N45: =K45*#REF! -> #REF! | O45: =M45*#REF! -> #REF! | R45: =SUM(N45:Q45) -> #REF!
B46: 42 | C46: Batch Control M | D46: Batch Server | E46: Enterprise | F46: DEV & UAT | G46: 1 | H46: 8 | I46: 16 | J46: 500 | K46: =H46*G46 -> 8 | L46: =I46*G46 -> 16 | M46: =J46*G46 -> 500 | N46: =K46*#REF! -> #REF! | O46: =M46*#REF! -> #REF! | R46: =SUM(N46:Q46) -> #REF!
B47: 43 | C47: VM S3 | D47: Object Storage | E47: Enterprise | F47: DEV & UAT | G47: 1 | H47: 4 | I47: 8 | J47: 500 | K47: =H47*G47 -> 4 | L47: =I47*G47 -> 8 | M47: =J47*G47 -> 500 | N47: =K47*#REF! -> #REF! | O47: =M47*#REF! -> #REF! | R47: =SUM(N47:Q47) -> #REF!
B48: 44 | C48: Elasticsearch Master & Data | D48: ELK Stack | E48: Community | F48: DEV & UAT | G48: 3 | H48: 8 | I48: 16 | J48: 500 | K48: =H48*G48 -> 24 | L48: =I48*G48 -> 48 | M48: =J48*G48 -> 1500 | N48: =K48*#REF! -> #REF! | O48: =M48*#REF! -> #REF! | R48: =SUM(N48:Q48) -> #REF!
B49: 45 | C49: Kibana Logstash | D49: ELK Stack | E49: Community | F49: DEV & UAT | G49: 1 | H49: 8 | I49: 16 | J49: 300 | K49: =H49*G49 -> 8 | L49: =I49*G49 -> 16 | M49: =J49*G49 -> 300 | N49: =K49*#REF! -> #REF! | O49: =M49*#REF! -> #REF! | R49: =SUM(N49:Q49) -> #REF!
B50: 46 | C50: Jfrog | D50: Artifactory Repository | E50: Enterprise | F50: DEV & UAT | G50: 1 | H50: 0 | I50: 0 | J50: 500 | K50: =H50*G50 -> 0 | L50: =I50*G50 -> 0 | M50: =J50*G50 -> 500 | N50: =K50*#REF! -> #REF! | O50: =M50*#REF! -> #REF! | R50: =SUM(N50:Q50) -> #REF!
B51: 47 | C51: Jenkins | D51: CI / CD | E51: Community | F51: DEV & UAT | G51: 1 | H51: 0 | I51: 0 | J51: 500 | K51: =H51*G51 -> 0 | L51: =I51*G51 -> 0 | M51: =J51*G51 -> 500 | N51: =K51*#REF! -> #REF! | O51: =M51*#REF! -> #REF! | R51: =SUM(N51:Q51) -> #REF!
B52: 48 | C52: Redhat OCP Worker (Baremetal) | D52: Container Platform | E52: Enterprise | F52: DEV & UAT | G52: 1 | H52: 64 | I52: 1024 | J52: 1024 | K52: =H52*G52 -> 64 | L52: =I52*G52 -> 1024 | M52: =J52*G52 -> 1024 | N52: 0 | O52: 0 | Q52: =G52*#REF! -> #REF! | R52: =SUM(N52:Q52) -> #REF!
B55: Summary Hardware Prod
B56: No | C56: Item | D56: Price | G56: CPU | H56: Mem (GB) | I56: Storage (GB)
B57: 1 | C57: Redhat OCP | D57: =SUM(R3:R6,R15:R18) -> #REF! | F57: Prod | G57: =SUM(K3:K4)+SUM(K6:K6)+SUM(K8:K16)+SUM(K18:K18)+SUM(K20:K26) -> 376 | H57: =SUM(L3:L4)+SUM(L6:L6)+SUM(L8:L16)+SUM(L18:L18)+SUM(L20:L26) -> 1104 | I57: =SUM(M3:M26) -> 137048
B58: 2 | C58: Nginx Community | D58: =R8+R20 -> #REF!
B59: 3 | C59: Redis Enterprise | D59: =R9+R21 -> #REF! | F59: PT | G59: =SUM(K28:K29)+SUM(K31:K31)+SUM(K33:K39) -> 188 | H59: =SUM(L28:L29)+SUM(L31:L31)+SUM(L33:L39) -> 552 | I59: =SUM(M28:M39) -> 21524 | M59: =SUM(M3:M52) -> 168252
B60: 4 | C60: Confluent Kafka Community | D60: =R10+R22 -> #REF!
B61: 5 | C61: ELK Stack Community | D61: =SUM(R13:R14)+SUM(R25:R26) -> #REF! | F61: Dev | G61: =SUM(K42:K51) -> 96 | H61: =SUM(L42:L51) -> 224 | I61: =SUM(M42:M51) -> 8400
B62: 6 | C62: MinIO | D62: =R12+R24 -> #REF! | F62: Total Non Prod | G62: =SUM(G59:G61) -> 284 | H62: =SUM(H59:H61) -> 776 | I62: =SUM(I59:I61) -> 29924
B63: 7 | C63: Batch Control M | D63: =R11+R23 -> #REF!
B64: 8 | C64: Oracle Database RAC | D64: =R7+R19 -> #REF!
C65: Total | D65: =SUM(D57:D64) -> #REF!
G66: DC | H66: PT
B67: Summary Hardware PT | F67: Oracle | G67: 4 | H67: 2
B68: No | C68: Item | D68: Price | F68: OCP | G68: 2 | H68: 1
B69: 1 | C69: Redhat OCP | D69: =SUM(R28:R31) -> #REF!
B70: 2 | C70: Nginx Community | D70: =R33 -> #REF!
B71: 3 | C71: Redis Enterprise | D71: =R34 -> #REF! | H71: HW + License
B72: 4 | C72: Oracle Database RAC | D72: =R32 -> #REF! | F72: Platform HW Prod | G72: =SUM(D57:D63) -> #REF! | H72: =G72+J72 -> #REF! | I72: Platform License Prod | J72: =SUM(F97,#REF!,F105:F110) -> #REF!
B73: 5 | C73: Confluent Kafka Community | D73: =R35 -> #REF! | F73: Platform HW PT | G73: =SUM(D69:D71,D73:D77) -> #REF! | H73: =G73+J73 -> #REF! | I73: Platform License PT | J73: =SUM(F116,F123,F125:F125) -> #REF!
B74: 6 | C74: ELK Stack Community | D74: =R38+R39 -> #REF! | F74: Platform HW Dev | G74: =SUM(D82:D83,D85:D90) -> #REF! | H74: =G74+J74 -> #REF! | I74: Platform License Dev | J74: =SUM(F134:F136) -> #REF!
B75: 7 | C75: MinIO | D75: =R37 -> #REF! | G75: =SUM(G72:G74) -> #REF! | H75: =SUM(H72:H74) -> #REF! | J75: =SUM(J72:J74) -> #REF!
B76: 8 | C76: Batch Control M | D76: =R36 -> #REF!
B77: 9 | C77: Wiremock | D77: =R40 -> #REF! | F77: DB HW Prod | G77: =SUM(D64) -> #REF! | H77: =G77+J77 -> #REF! | I77: DB License Prod | J77: =F104 -> 96000000
C78: Total | D78: =SUM(D69:D77) -> #REF! | F78: DB HW PT | G78: =D72 -> #REF! | H78: =G78+J78 -> #REF! | I78: DB License PT | J78: =F124 -> 48000000
F79: DB HW Dev | G79: =D84 -> #REF! | H79: =G79+J79 -> #REF! | I79: DB License Dev | J79: 0
B80: Summary Hardware DEV | H80: =SUM(H77:H79) -> #REF!
B81: No | C81: Item | D81: Price | H81: =H80+H75 -> #REF!
B82: 1 | C82: Nginx Community | D82: =R43 -> #REF!
B83: 2 | C83: Redis Community | D83: =R44 -> #REF!
B84: 3 | C84: Oracle Database | D84: =R42 -> #REF!
B85: 4 | C85: Confluent Kafka Community | D85: =R45 -> #REF!
B86: 5 | C86: ELK Stack Community | D86: =R48+R49 -> #REF!
B87: 6 | C87: MinIO | D87: =R47 -> #REF!
B88: 7 | C88: Batch Control M | D88: =R46 -> #REF!
B89: 8 | C89: Jfrog | D89: =R50 -> #REF!
B90: 9 | C90: Jenkins | D90: =R51 -> #REF!
B91: 10 | C91: Redhat OCP | D91: =R52 -> #REF!
C92: Total | D92: =SUM(D82:D91) -> #REF!
B95: Summary License Prod
B96: No | C96: Item | D96: #of License | E96: Harga Satuan | F96: Total Harga | G96: Remarks
B97: 1 | C97: Redhat Openshift Kubernetes Engine | D97: =G5+G17 -> 2 | E97: 236922840 | F97: =E97*D97 -> 473845680
B98: 2 | C98: Oracle Database Enterprise Edition | D98: =(K7+K19)*0.5 -> 128 | E98: =#REF! -> #REF! | F98: 0 | G98: ELA
B99: 3 | C99: Oracle Diagnostic Pack | D99: =(K7+K19)*0.5 -> 128 | E99: =#REF! -> #REF! | F99: 0 | G99: ELA
B100: 4 | C100: Oracle Partitioning | D100: =(K7+K19)*0.5 -> 128 | E100: =#REF! -> #REF! | F100: 0 | G100: ELA
B101: 5 | C101: Oracle Tuning Pack | D101: =(K7+K19)*0.5 -> 128 | E101: =#REF! -> #REF! | F101: 0 | G101: ELA
B102: 6 | C102: Oracle Real Application Cluster | D102: =(K7+K19)*0.5 -> 128 | E102: =#REF! -> #REF! | F102: 0 | G102: ELA
B103: 7 | C103: Oracle Active Data Guard | D103: =(K7+K19)*0.5 -> 128 | E103: =#REF! -> #REF! | F103: 0 | G103: ELA
B104: 9 | C104: Oracle Linux DB | D104: 4 | E104: 24000000 | F104: =D104*E104 -> 96000000
B105: 10 | C105: Redis Enterprise | D105: 4 | E105: 112320000 | F105: =D105*E105 -> 449280000
B106: 11 | C106: RHEL | D106: =ROUNDUP(SUM(K6,K8,K9,K10,K11,K12,K13,K14)/64,0)*2 -> 4 | E106: =#REF! -> #REF! | F106: =E106*D106 -> #REF!
...

Sheet FS Opsi Oracle Single T3
B1: Summary Hardware
B2: No | C2: Group | D2: Description | E2: Edition | F2: Environment | G2: # of VM | H2: CPU | I2: Memory | J2: Storage | K2: Total CPU | L2: Total Memory | M2: Total Storage | N2: Pricing CPU | O2: Pricing Storage | P2: Pricing Rubrik / NBU | Q2: Pricing Baremetal | R2: Total
B3: 1 | C3: Redhat OCP Master | D3: Container Platform | E3: Enterprise | F3: DC1 | G3: 3 | H3: 8 | I3: 32 | J3: 150 | K3: =H3*G3 -> 24 | L3: =I3*G3 -> 96 | M3: =J3*G3 -> 450 | N3: =K3*#REF! -> #REF! | O3: =M3*#REF! -> #REF! | P3: 0 | R3: =SUM(N3:Q3) -> #REF!
B4: 2 | C4: Redhat OCP Infra Router | D4: Container Platform | E4: Enterprise | F4: DC1 | G4: 5 | H4: 8 | I4: 32 | J4: 150 | K4: =H4*G4 -> 40 | L4: =I4*G4 -> 160 | M4: =J4*G4 -> 750 | N4: =K4*#REF! -> #REF! | O4: =M4*#REF! -> #REF! | P4: 0 | R4: =SUM(N4:Q4) -> #REF!
B5: 3 | C5: Redhat OCP Worker (Baremetal) | D5: Container Platform | E5: Enterprise | F5: DC1 | G5: 1 | H5: 64 | I5: 1024 | J5: 1024 | K5: =H5*G5 -> 64 | L5: =I5*G5 -> 1024 | M5: =J5*G5 -> 1024 | N5: 0 | O5: 0 | P5: 0 | Q5: =G5*#REF! -> #REF! | R5: =SUM(N5:Q5) -> #REF!
B6: 4 | C6: Bastion & HA Proxy | D6: Bastion | E6: Enterprise | F6: DC1 | G6: 1 | H6: 4 | I6: 8 | J6: 100 | K6: =H6*G6 -> 4 | L6: =I6*G6 -> 8 | M6: =J6*G6 -> 100 | N6: =K6*#REF! -> #REF! | O6: =M6*#REF! -> #REF! | P6: 0 | R6: =SUM(N6:Q6) -> #REF!
B7: 5 | C7: Oracle Database RAC (Baremetal) | D7: Database | E7: Enterprise | F7: DC1 | G7: 1 | H7: 64 | I7: 1024 | J7: 60000 | K7: =H7*G7 -> 64 | L7: =I7*G7 -> 1024 | M7: =J7 -> 60000 | N7: 0 | O7: =M7*#REF! -> #REF! | P7: =M7*50%*80%*#REF! -> #REF! | Q7: =G7*#REF! -> #REF! | R7: =SUM(N7:Q7) -> #REF!
B8: 6 | C8: Nginx Community | D8: Application Gateway | E8: Community | F8: DC1 | G8: 2 | H8: 8 | I8: 16 | J8: 200 | K8: =H8*G8 -> 16 | L8: =I8*G8 -> 32 | M8: =G8*J8 -> 400 | N8: =K8*#REF! -> #REF! | O8: =M8*#REF! -> #REF! | R8: =SUM(N8:Q8) -> #REF!
B9: 7 | C9: Redis Enterprise | D9: Cache Database | E9: Enterprise | F9: DC1 | G9: 3 | H9: 8 | I9: 16 | J9: 200 | K9: =H9*G9 -> 24 | L9: =I9*G9 -> 48 | M9: =G9*J9 -> 600 | N9: =K9*#REF! -> #REF! | O9: =M9*#REF! -> #REF! | R9: =SUM(N9:Q9) -> #REF!
B10: 8 | C10: Confluent Kafka Community App Log (Non Financial) | D10: Kafka Broker & Zookeeper | E10: Community | F10: DC1 | G10: 3 | H10: 8 | I10: 16 | J10: 1000 | K10: =H10*G10 -> 24 | L10: =I10*G10 -> 48 | M10: =G10*J10 -> 3000 | N10: =K10*#REF! -> #REF! | O10: =M10*#REF! -> #REF! | R10: =SUM(N10:Q10) -> #REF!
B11: 9 | C11: Batch Control M | D11: Batch Server | E11: Enterprise | F11: DC1 | G11: 1 | H11: 8 | I11: 16 | J11: 500 | K11: =H11*G11 -> 8 | L11: =I11*G11 -> 16 | M11: =G11*J11 -> 500 | N11: =K11*#REF! -> #REF! | O11: =M11*#REF! -> #REF! | R11: =SUM(N11:Q11) -> #REF!
B12: 10 | C12: MinIO | D12: Object Storage | E12: Community | F12: DC1 | G12: 1 | H12: 16 | I12: 32 | J12: 500 | K12: =H12*G12 -> 16 | L12: =I12*G12 -> 32 | M12: =G12*J12 -> 500 | N12: =K12*#REF! -> #REF! | O12: =M12*#REF! -> #REF! | R12: =SUM(N12:Q12) -> #REF!
B13: 11 | C13: Elasticsearch Master & Data | D13: ELK Stack | E13: Community | F13: DC1 | G13: 3 | H13: 8 | I13: 32 | J13: 300 | K13: =H13*G13 -> 24 | L13: =I13*G13 -> 96 | M13: =G13*J13 -> 900 | N13: =K13*#REF! -> #REF! | O13: =M13*#REF! -> #REF! | R13: =SUM(N13:Q13) -> #REF!
B14: 12 | C14: Kibana Logstash | D14: ELK Stack | E14: Community | F14: DC1 | G14: 1 | H14: 8 | I14: 16 | J14: 300 | K14: =H14*G14 -> 8 | L14: =I14*G14 -> 16 | M14: =G14*J14 -> 300 | N14: =K14*#REF! -> #REF! | O14: =M14*#REF! -> #REF! | R14: =SUM(N14:Q14) -> #REF!
B15: 13 | C15: Redhat OCP Master | D15: Container Platform | E15: Enterprise | F15: DC2 | G15: 3 | H15: 8 | I15: 32 | J15: 150 | K15: =H15*G15 -> 24 | L15: =I15*G15 -> 96 | M15: =J15*G15 -> 450 | N15: =K15*#REF! -> #REF! | O15: =M15*#REF! -> #REF! | P15: 0 | R15: =SUM(N15:Q15) -> #REF!
B16: 14 | C16: Redhat OCP Infra Router | D16: Container Platform | E16: Enterprise | F16: DC2 | G16: 5 | H16: 8 | I16: 32 | J16: 150 | K16: =H16*G16 -> 40 | L16: =I16*G16 -> 160 | M16: =J16*G16 -> 750 | N16: =K16*#REF! -> #REF! | O16: =M16*#REF! -> #REF! | P16: 0 | R16: =SUM(N16:Q16) -> #REF!
B17: 15 | C17: Redhat OCP Worker (Baremetal) | D17: Container Platform | E17: Enterprise | F17: DC2 | G17: 1 | H17: 64 | I17: 1024 | J17: 1024 | K17: =H17*G17 -> 64 | L17: =I17*G17 -> 1024 | M17: =J17*G17 -> 1024 | N17: 0 | O17: 0 | P17: 0 | Q17: =G17*#REF! -> #REF! | R17: =SUM(N17:Q17) -> #REF!
B18: 16 | C18: Bastion & HA Proxy | D18: Bastion | E18: Enterprise | F18: DC2 | G18: 1 | H18: 4 | I18: 8 | J18: 100 | K18: =H18*G18 -> 4 | L18: =I18*G18 -> 8 | M18: =J18*G18 -> 100 | N18: =K18*#REF! -> #REF! | O18: =M18*#REF! -> #REF! | P18: 0 | R18: =SUM(N18:Q18) -> #REF!
B19: 17 | C19: Oracle Database RAC (Baremetal) | D19: Database | E19: Enterprise | F19: DC2 | G19: 1 | H19: 64 | I19: 1024 | J19: 60000 | K19: =H19*G19 -> 64 | L19: =I19*G19 -> 1024 | M19: =J19 -> 60000 | N19: 0 | O19: =M19*#REF! -> #REF! | P19: =M19*50%*80%*#REF! -> #REF! | Q19: =G19*#REF! -> #REF! | R19: =SUM(N19:Q19) -> #REF!
B20: 18 | C20: Nginx Community | D20: Application Gateway | E20: Community | F20: DC2 | G20: 2 | H20: 8 | I20: 16 | J20: 200 | K20: =H20*G20 -> 16 | L20: =I20*G20 -> 32 | M20: =J20*G20 -> 400 | N20: =K20*#REF! -> #REF! | O20: =M20*#REF! -> #REF! | R20: =SUM(N20:Q20) -> #REF!
B21: 19 | C21: Redis Enterprise | D21: Cache Database | E21: Enterprise | F21: DC2 | G21: 3 | H21: 8 | I21: 16 | J21: 200 | K21: =H21*G21 -> 24 | L21: =I21*G21 -> 48 | M21: =J21*G21 -> 600 | N21: =K21*#REF! -> #REF! | O21: =M21*#REF! -> #REF! | R21: =SUM(N21:Q21) -> #REF!
B22: 20 | C22: Confluent Kafka Community App Log (Non Financial) | D22: Kafka Broker & Zookeeper | E22: Community | F22: DC2 | G22: 3 | H22: 8 | I22: 16 | J22: 1000 | K22: =H22*G22 -> 24 | L22: =I22*G22 -> 48 | M22: =J22*G22 -> 3000 | N22: =K22*#REF! -> #REF! | O22: =M22*#REF! -> #REF! | R22: =SUM(N22:Q22) -> #REF!
B23: 21 | C23: Batch Control M | D23: Batch Server | E23: Enterprise | F23: DC2 | G23: 1 | H23: 8 | I23: 16 | J23: 500 | K23: =H23*G23 -> 8 | L23: =I23*G23 -> 16 | M23: =J23*G23 -> 500 | N23: =K23*#REF! -> #REF! | O23: =M23*#REF! -> #REF! | R23: =SUM(N23:Q23) -> #REF!
B24: 22 | C24: MinIO | D24: Object Storage | E24: Community | F24: DC2 | G24: 1 | H24: 16 | I24: 32 | J24: 500 | K24: =H24*G24 -> 16 | L24: =I24*G24 -> 32 | M24: =J24*G24 -> 500 | N24: =K24*#REF! -> #REF! | O24: =M24*#REF! -> #REF! | R24: =SUM(N24:Q24) -> #REF! | T24: Strg DB Prod | U24: =M7*2 -> 120000 | V24: =U24/U25 -> 9.2307692
B25: 23 | C25: Elasticsearch Master & Data | D25: ELK Stack | E25: Community | F25: DC2 | G25: 3 | H25: 8 | I25: 32 | J25: 300 | K25: =H25*G25 -> 24 | L25: =I25*G25 -> 96 | M25: =J25*G25 -> 900 | N25: =K25*#REF! -> #REF! | O25: =M25*#REF! -> #REF! | R25: =SUM(N25:Q25) -> #REF! | T25: Strg DB PT | U25: =M32 -> 13000 | V25: 1
B26: 24 | C26: Kibana Logstash | D26: ELK Stack | E26: Community | F26: DC2 | G26: 1 | H26: 8 | I26: 16 | J26: 300 | K26: =H26*G26 -> 8 | L26: =I26*G26 -> 16 | M26: =J26*G26 -> 300 | N26: =K26*#REF! -> #REF! | O26: =M26*#REF! -> #REF! | R26: =SUM(N26:Q26) -> #REF!
B28: 25 | C28: Redhat OCP Master | D28: Container Platform | E28: Enterprise | F28: PT | G28: 3 | H28: 8 | I28: 32 | J28: 150 | K28: =H28*G28 -> 24 | L28: =I28*G28 -> 96 | M28: =J28*G28 -> 450 | N28: =K28*#REF! -> #REF! | O28: =M28*#REF! -> #REF! | R28: =SUM(N28:Q28) -> #REF!
B29: 26 | C29: Redhat OCP Infra Router | D29: Container Platform | E29: Enterprise | F29: PT | G29: 5 | H29: 8 | I29: 32 | J29: 150 | K29: =H29*G29 -> 40 | L29: =I29*G29 -> 160 | M29: =J29*G29 -> 750 | N29: =K29*#REF! -> #REF! | O29: =M29*#REF! -> #REF! | R29: =SUM(N29:Q29) -> #REF! | T29: Strg Prod | U29: =SUM(M3:M26) -> 137048 | V29: =U29/U30 -> 6.367218
B30: 27 | C30: Redhat OCP Worker (Baremetal) | D30: Container Platform | E30: Enterprise | F30: PT | G30: 1 | H30: 64 | I30: 1024 | J30: 1024 | K30: =H30*G30 -> 64 | L30: =I30*G30 -> 1024 | M30: =J30*G30 -> 1024 | N30: 0 | O30: 0 | Q30: =G30*#REF! -> #REF! | R30: =SUM(N30:Q30) -> #REF! | T30: Strg PT | U30: =SUM(M28:M39) -> 21524 | V30: =1 -> 1
B31: 28 | C31: Bastion & HA Proxy | D31: Bastion | E31: Enterprise | F31: PT | G31: 1 | H31: 4 | I31: 8 | J31: 100 | K31: =H31*G31 -> 4 | L31: =I31*G31 -> 8 | M31: =J31*G31 -> 100 | N31: =K31*#REF! -> #REF! | O31: =M31*#REF! -> #REF! | R31: =SUM(N31:Q31) -> #REF!
B32: 29 | C32: Oracle Database RAC (Baremetal) | D32: Database | E32: Enterprise | F32: PT | G32: 2 | H32: 64 | I32: 1024 | J32: 13000 | K32: =H32*G32 -> 128 | L32: =I32*G32 -> 2048 | M32: 13000 | N32: 0 | O32: =M32*#REF! -> #REF! | Q32: =G32*#REF! -> #REF! | R32: =SUM(N32:Q32) -> #REF! | T32: Memoru Prod | U32: =SUM(L3:L26) -> 5200 | V32: =U32/U33 -> 1.416122
B33: 30 | C33: Nginx Community | D33: Application Gateway | E33: Community | F33: PT | G33: 2 | H33: 8 | I33: 16 | J33: 200 | K33: =H33*G33 -> 16 | L33: =I33*G33 -> 32 | M33: =J33*G33 -> 400 | N33: =K33*#REF! -> #REF! | O33: =M33*#REF! -> #REF! | R33: =SUM(N33:Q33) -> #REF! | T33: Memory PT | U33: =SUM(L28:L40) -> 3672 | V33: 1
B34: 31 | C34: Redis Enterprise | D34: Cache Database | E34: Enterprise | F34: PT | G34: 3 | H34: 8 | I34: 16 | J34: 200 | K34: =H34*G34 -> 24 | L34: =I34*G34 -> 48 | M34: =J34*G34 -> 600 | N34: =K34*#REF! -> #REF! | O34: =M34*#REF! -> #REF! | R34: =SUM(N34:Q34) -> #REF!
B35: 32 | C35: Confluent Kafka Community App Log (Non Financial) | D35: Kafka Broker & Zookeeper | E35: Community | F35: PT | G35: 3 | H35: 8 | I35: 16 | J35: 1000 | K35: =H35*G35 -> 24 | L35: =I35*G35 -> 48 | M35: =J35*G35 -> 3000 | N35: =K35*#REF! -> #REF! | O35: =M35*#REF! -> #REF! | R35: =SUM(N35:Q35) -> #REF! | T35: CPU Prod
B36: 33 | C36: Batch Control M | D36: Batch Server | E36: Enterprise | F36: PT | G36: 1 | H36: 8 | I36: 16 | J36: 500 | K36: =H36*G36 -> 8 | L36: =I36*G36 -> 16 | M36: =J36*G36 -> 500 | N36: =K36*#REF! -> #REF! | O36: =M36*#REF! -> #REF! | R36: =SUM(N36:Q36) -> #REF! | T36: CPU Dev
B37: 34 | C37: MinIO | D37: Object Storage | E37: Enterprise | F37: PT | G37: 1 | H37: 16 | I37: 32 | J37: 500 | K37: =H37*G37 -> 16 | L37: =I37*G37 -> 32 | M37: =J37*G37 -> 500 | N37: =K37*#REF! -> #REF! | O37: =M37*#REF! -> #REF! | R37: =SUM(N37:Q37) -> #REF!
B38: 35 | C38: Elasticsearch Master & Data | D38: ELK Stack | E38: Community | F38: PT | G38: 3 | H38: 8 | I38: 32 | J38: 300 | K38: =H38*G38 -> 24 | L38: =I38*G38 -> 96 | M38: =J38*G38 -> 900 | N38: =K38*#REF! -> #REF! | O38: =M38*#REF! -> #REF! | R38: =SUM(N38:Q38) -> #REF!
B39: 36 | C39: Kibana Logstash | D39: ELK Stack | E39: Community | F39: PT | G39: 1 | H39: 8 | I39: 16 | J39: 300 | K39: =H39*G39 -> 8 | L39: =I39*G39 -> 16 | M39: =J39*G39 -> 300 | N39: =K39*#REF! -> #REF! | O39: =M39*#REF! -> #REF! | R39: =SUM(N39:Q39) -> #REF!
B40: 37 | C40: Wiremock | D40: Wiremock | E40: Community | F40: PT | G40: 2 | H40: 8 | I40: 24 | J40: 128 | K40: =H40*G40 -> 16 | L40: =I40*G40 -> 48 | M40: =J40*G40 -> 256 | N40: =K40*#REF! -> #REF! | O40: =M40*#REF! -> #REF! | R40: =SUM(N40:Q40) -> #REF!
B42: 38 | C42: Oracle Database (VM) | D42: Database | E42: Enterprise | F42: DEV & UAT | G42: 1 | H42: 16 | I42: 32 | J42: =2500 -> 2500 | K42: =H42*G42 -> 16 | L42: 64 | M42: =J42*G42 -> 2500 | N42: =K42*#REF! -> #REF! | O42: =M42*#REF! -> #REF! | R42: =SUM(N42:Q42) -> #REF!
B43: 39 | C43: Nginx Community | D43: Application Gateway | E43: Community | F43: DEV & UAT | G43: 2 | H43: 4 | I43: 8 | J43: 200 | K43: =H43*G43 -> 8 | L43: =I43*G43 -> 16 | M43: =J43*G43 -> 400 | N43: =K43*#REF! -> #REF! | O43: =M43*#REF! -> #REF! | R43: =SUM(N43:Q43) -> #REF!
B44: 40 | C44: Redis Community | D44: Cache Database | E44: Community | F44: DEV & UAT | G44: 1 | H44: 4 | I44: 8 | J44: 200 | K44: =H44*G44 -> 4 | L44: =I44*G44 -> 8 | M44: =J44*G44 -> 200 | N44: =K44*#REF! -> #REF! | O44: =M44*#REF! -> #REF! | R44: =SUM(N44:Q44) -> #REF!
B45: 41 | C45: Confluent Kafka Community App Log (Non Financial) | D45: Kafka Broker & Zookeeper | E45: Community | F45: DEV & UAT | G45: 3 | H45: 8 | I45: 16 | J45: 500 | K45: =H45*G45 -> 24 | L45: =I45*G45 -> 48 | M45: =J45*G45 -> 1500 | N45: =K45*#REF! -> #REF! | O45: =M45*#REF! -> #REF! | R45: =SUM(N45:Q45) -> #REF!
B46: 42 | C46: Batch Control M | D46: Batch Server | E46: Enterprise | F46: DEV & UAT | G46: 1 | H46: 8 | I46: 16 | J46: 500 | K46: =H46*G46 -> 8 | L46: =I46*G46 -> 16 | M46: =J46*G46 -> 500 | N46: =K46*#REF! -> #REF! | O46: =M46*#REF! -> #REF! | R46: =SUM(N46:Q46) -> #REF!
B47: 43 | C47: VM S3 | D47: Object Storage | E47: Enterprise | F47: DEV & UAT | G47: 1 | H47: 4 | I47: 8 | J47: 500 | K47: =H47*G47 -> 4 | L47: =I47*G47 -> 8 | M47: =J47*G47 -> 500 | N47: =K47*#REF! -> #REF! | O47: =M47*#REF! -> #REF! | R47: =SUM(N47:Q47) -> #REF!
B48: 44 | C48: Elasticsearch Master & Data | D48: ELK Stack | E48: Community | F48: DEV & UAT | G48: 3 | H48: 8 | I48: 16 | J48: 500 | K48: =H48*G48 -> 24 | L48: =I48*G48 -> 48 | M48: =J48*G48 -> 1500 | N48: =K48*#REF! -> #REF! | O48: =M48*#REF! -> #REF! | R48: =SUM(N48:Q48) -> #REF!
B49: 45 | C49: Kibana Logstash | D49: ELK Stack | E49: Community | F49: DEV & UAT | G49: 1 | H49: 8 | I49: 16 | J49: 300 | K49: =H49*G49 -> 8 | L49: =I49*G49 -> 16 | M49: =J49*G49 -> 300 | N49: =K49*#REF! -> #REF! | O49: =M49*#REF! -> #REF! | R49: =SUM(N49:Q49) -> #REF!
B50: 46 | C50: Jfrog | D50: Artifactory Repository | E50: Enterprise | F50: DEV & UAT | G50: 1 | H50: 0 | I50: 0 | J50: 500 | K50: =H50*G50 -> 0 | L50: =I50*G50 -> 0 | M50: =J50*G50 -> 500 | N50: =K50*#REF! -> #REF! | O50: =M50*#REF! -> #REF! | R50: =SUM(N50:Q50) -> #REF!
B51: 47 | C51: Jenkins | D51: CI / CD | E51: Community | F51: DEV & UAT | G51: 1 | H51: 0 | I51: 0 | J51: 500 | K51: =H51*G51 -> 0 | L51: =I51*G51 -> 0 | M51: =J51*G51 -> 500 | N51: =K51*#REF! -> #REF! | O51: =M51*#REF! -> #REF! | R51: =SUM(N51:Q51) -> #REF!
B52: 48 | C52: Redhat OCP Worker (Baremetal) | D52: Container Platform | E52: Enterprise | F52: DEV & UAT | G52: 1 | H52: 64 | I52: 1024 | J52: 1024 | K52: =H52*G52 -> 64 | L52: =I52*G52 -> 1024 | M52: =J52*G52 -> 1024 | N52: 0 | O52: 0 | Q52: =G52*#REF! -> #REF! | R52: =SUM(N52:Q52) -> #REF!
B55: Summary Hardware Prod
B56: No | C56: Item | D56: Price | G56: CPU | H56: Mem (GB) | I56: Storage (GB)
B57: 1 | C57: Redhat OCP | D57: =SUM(R3:R6,R15:R18) -> #REF! | F57: Prod | G57: =SUM(K3:K4)+SUM(K6:K6)+SUM(K8:K16)+SUM(K18:K18)+SUM(K20:K26) -> 376 | H57: =SUM(L3:L4)+SUM(L6:L6)+SUM(L8:L16)+SUM(L18:L18)+SUM(L20:L26) -> 1104 | I57: =SUM(M3:M26) -> 137048
B58: 2 | C58: Nginx Community | D58: =R8+R20 -> #REF!
B59: 3 | C59: Redis Enterprise | D59: =R9+R21 -> #REF! | F59: PT | G59: =SUM(K28:K29)+SUM(K31:K31)+SUM(K33:K39) -> 188 | H59: =SUM(L28:L29)+SUM(L31:L31)+SUM(L33:L39) -> 552 | I59: =SUM(M28:M39) -> 21524 | M59: =SUM(M3:M52) -> 168252
B60: 4 | C60: Confluent Kafka Community | D60: =R10+R22 -> #REF!
B61: 5 | C61: ELK Stack Community | D61: =SUM(R13:R14)+SUM(R25:R26) -> #REF! | F61: Dev | G61: =SUM(K42:K51) -> 96 | H61: =SUM(L42:L51) -> 224 | I61: =SUM(M42:M51) -> 8400
B62: 6 | C62: MinIO | D62: =R12+R24 -> #REF! | F62: Total Non Prod | G62: =SUM(G59:G61) -> 284 | H62: =SUM(H59:H61) -> 776 | I62: =SUM(I59:I61) -> 29924
B63: 7 | C63: Batch Control M | D63: =R11+R23 -> #REF!
B64: 8 | C64: Oracle Database RAC | D64: =R7+R19 -> #REF!
C65: Total | D65: =SUM(D57:D64) -> #REF!
G66: DC | H66: PT
B67: Summary Hardware PT | F67: Oracle | G67: 4 | H67: 2
B68: No | C68: Item | D68: Price | F68: OCP | G68: 2 | H68: 1
B69: 1 | C69: Redhat OCP | D69: =SUM(R28:R31) -> #REF!
B70: 2 | C70: Nginx Community | D70: =R33 -> #REF!
B71: 3 | C71: Redis Enterprise | D71: =R34 -> #REF! | H71: HW + License
B72: 4 | C72: Oracle Database RAC | D72: =R32 -> #REF! | F72: Platform HW Prod | G72: =SUM(D57:D63) -> #REF! | H72: =G72+J72 -> #REF! | I72: Platform License Prod | J72: =SUM(F97,#REF!,F105:F110) -> #REF!
B73: 5 | C73: Confluent Kafka Community | D73: =R35 -> #REF! | F73: Platform HW PT | G73: =SUM(D69:D71,D73:D77) -> #REF! | H73: =G73+J73 -> #REF! | I73: Platform License PT | J73: =SUM(F116,F123,F125:F125) -> #REF!
B74: 6 | C74: ELK Stack Community | D74: =R38+R39 -> #REF! | F74: Platform HW Dev | G74: =SUM(D82:D83,D85:D90) -> #REF! | H74: =G74+J74 -> #REF! | I74: Platform License Dev | J74: =SUM(F134:F136) -> #REF!
B75: 7 | C75: MinIO | D75: =R37 -> #REF! | G75: =SUM(G72:G74) -> #REF! | H75: =SUM(H72:H74) -> #REF! | J75: =SUM(J72:J74) -> #REF!
B76: 8 | C76: Batch Control M | D76: =R36 -> #REF!
B77: 9 | C77: Wiremock | D77: =R40 -> #REF! | F77: DB HW Prod | G77: =SUM(D64) -> #REF! | H77: =G77+J77 -> #REF! | I77: DB License Prod | J77: =F104 -> 96000000
C78: Total | D78: =SUM(D69:D77) -> #REF! | F78: DB HW PT | G78: =D72 -> #REF! | H78: =G78+J78 -> #REF! | I78: DB License PT | J78: =F124 -> 48000000
F79: DB HW Dev | G79: =D84 -> #REF! | H79: =G79+J79 -> #REF! | I79: DB License Dev | J79: 0
B80: Summary Hardware DEV | H80: =SUM(H77:H79) -> #REF!
B81: No | C81: Item | D81: Price | H81: =H80+H75 -> #REF!
B82: 1 | C82: Nginx Community | D82: =R43 -> #REF!
B83: 2 | C83: Redis Community | D83: =R44 -> #REF!
B84: 3 | C84: Oracle Database | D84: =R42 -> #REF!
B85: 4 | C85: Confluent Kafka Community | D85: =R45 -> #REF!
B86: 5 | C86: ELK Stack Community | D86: =R48+R49 -> #REF!
B87: 6 | C87: MinIO | D87: =R47 -> #REF!
B88: 7 | C88: Batch Control M | D88: =R46 -> #REF!
B89: 8 | C89: Jfrog | D89: =R50 -> #REF!
B90: 9 | C90: Jenkins | D90: =R51 -> #REF!
B91: 10 | C91: Redhat OCP | D91: =R52 -> #REF!
C92: Total | D92: =SUM(D82:D91) -> #REF!
B95: Summary License Prod
B96: No | C96: Item | D96: #of License | E96: Harga Satuan | F96: Total Harga | G96: Remarks
B97: 1 | C97: Redhat Openshift Kubernetes Engine | D97: =G5+G17 -> 2 | E97: 236922840 | F97: =E97*D97 -> 473845680
B98: 2 | C98: Oracle Database Enterprise Edition | D98: =(K7+K19)*0.5 -> 64 | E98: =#REF! -> #REF! | F98: 0 | G98: ELA
B99: 3 | C99: Oracle Diagnostic Pack | D99: =(K7+K19)*0.5 -> 64 | E99: =#REF! -> #REF! | F99: 0 | G99: ELA
B100: 4 | C100: Oracle Partitioning | D100: =(K7+K19)*0.5 -> 64 | E100: =#REF! -> #REF! | F100: 0 | G100: ELA
B101: 5 | C101: Oracle Tuning Pack | D101: =(K7+K19)*0.5 -> 64 | E101: =#REF! -> #REF! | F101: 0 | G101: ELA
B102: 6 | C102: Oracle Real Application Cluster | D102: =(K7+K19)*0.5 -> 64 | E102: =#REF! -> #REF! | F102: 0 | G102: ELA
B103: 7 | C103: Oracle Active Data Guard | D103: =(K7+K19)*0.5 -> 64 | E103: =#REF! -> #REF! | F103: 0 | G103: ELA
B104: 9 | C104: Oracle Linux DB | D104: 4 | E104: 24000000 | F104: =D104*E104 -> 96000000
B105: 10 | C105: Redis Enterprise | D105: 4 | E105: 112320000 | F105: =D105*E105 -> 449280000
B106: 11 | C106: RHEL | D106: =ROUNDUP(SUM(K6,K8,K9,K10,K11,K12,K13,K14)/64,0)*2 -> 4 | E106: =#REF! -> #REF! | F106: =E106*D106 -> #REF!
...

Sheet FS Opsi Oracle VM DB T2
B1: Summary Hardware
B2: No | C2: Group | D2: Description | E2: Edition | F2: Environment | G2: # of VM | H2: CPU | I2: Memory | J2: Storage | K2: Total CPU | L2: Total Memory | M2: Total Storage | N2: Pricing CPU | O2: Pricing Storage | P2: Pricing Rubrik / NBU | Q2: Pricing Baremetal | R2: Total
B3: 1 | C3: Redhat OCP Master | D3: Container Platform | E3: Enterprise | F3: DC1 | G3: 3 | H3: 8 | I3: 32 | J3: 150 | K3: =H3*G3 -> 24 | L3: =I3*G3 -> 96 | M3: =J3*G3 -> 450 | N3: =K3*#REF! -> #REF! | O3: =M3*#REF! -> #REF! | P3: 0 | R3: =SUM(N3:Q3) -> #REF!
B4: 2 | C4: Redhat OCP Infra Router | D4: Container Platform | E4: Enterprise | F4: DC1 | G4: 5 | H4: 8 | I4: 32 | J4: 150 | K4: =H4*G4 -> 40 | L4: =I4*G4 -> 160 | M4: =J4*G4 -> 750 | N4: =K4*#REF! -> #REF! | O4: =M4*#REF! -> #REF! | P4: 0 | R4: =SUM(N4:Q4) -> #REF!
B5: 3 | C5: Redhat OCP Worker (Baremetal) | D5: Container Platform | E5: Enterprise | F5: DC1 | G5: 1 | H5: 64 | I5: 1024 | J5: 1024 | K5: =H5*G5 -> 64 | L5: =I5*G5 -> 1024 | M5: =J5*G5 -> 1024 | N5: 0 | O5: 0 | P5: 0 | Q5: =G5*#REF! -> #REF! | R5: =SUM(N5:Q5) -> #REF!
B6: 4 | C6: Bastion & HA Proxy | D6: Bastion | E6: Enterprise | F6: DC1 | G6: 1 | H6: 4 | I6: 8 | J6: 100 | K6: =H6*G6 -> 4 | L6: =I6*G6 -> 8 | M6: =J6*G6 -> 100 | N6: =K6*#REF! -> #REF! | O6: =M6*#REF! -> #REF! | P6: 0 | R6: =SUM(N6:Q6) -> #REF!
B7: 5 | C7: Oracle Database RAC (Baremetal) | D7: Database | E7: Enterprise | F7: DC1 | G7: 2 | H7: 28 | I7: 256 | J7: 60000 | K7: =H7*G7 -> 56 | L7: =I7*G7 -> 512 | M7: =J7 -> 60000 | N7: =K7*#REF! -> #REF! | O7: =M7*#REF! -> #REF! | P7: =M7*50%*80%*#REF! -> #REF! | R7: =SUM(N7:Q7) -> #REF!
B8: 6 | C8: Nginx Community | D8: Application Gateway | E8: Community | F8: DC1 | G8: 2 | H8: 8 | I8: 16 | J8: 200 | K8: =H8*G8 -> 16 | L8: =I8*G8 -> 32 | M8: =G8*J8 -> 400 | N8: =K8*#REF! -> #REF! | O8: =M8*#REF! -> #REF! | R8: =SUM(N8:Q8) -> #REF!
B9: 7 | C9: Redis Enterprise | D9: Cache Database | E9: Enterprise | F9: DC1 | G9: 3 | H9: 8 | I9: 16 | J9: 200 | K9: =H9*G9 -> 24 | L9: =I9*G9 -> 48 | M9: =G9*J9 -> 600 | N9: =K9*#REF! -> #REF! | O9: =M9*#REF! -> #REF! | R9: =SUM(N9:Q9) -> #REF!
B10: 8 | C10: Confluent Kafka Community App Log (Non Financial) | D10: Kafka Broker & Zookeeper | E10: Community | F10: DC1 | G10: 3 | H10: 8 | I10: 16 | J10: 1000 | K10: =H10*G10 -> 24 | L10: =I10*G10 -> 48 | M10: =G10*J10 -> 3000 | N10: =K10*#REF! -> #REF! | O10: =M10*#REF! -> #REF! | R10: =SUM(N10:Q10) -> #REF!
B11: 9 | C11: Batch Control M | D11: Batch Server | E11: Enterprise | F11: DC1 | G11: 1 | H11: 8 | I11: 16 | J11: 500 | K11: =H11*G11 -> 8 | L11: =I11*G11 -> 16 | M11: =G11*J11 -> 500 | N11: =K11*#REF! -> #REF! | O11: =M11*#REF! -> #REF! | R11: =SUM(N11:Q11) -> #REF!
B12: 10 | C12: MinIO | D12: Object Storage | E12: Community | F12: DC1 | G12: 1 | H12: 16 | I12: 32 | J12: 500 | K12: =H12*G12 -> 16 | L12: =I12*G12 -> 32 | M12: =G12*J12 -> 500 | N12: =K12*#REF! -> #REF! | O12: =M12*#REF! -> #REF! | R12: =SUM(N12:Q12) -> #REF!
B13: 11 | C13: Elasticsearch Master & Data | D13: ELK Stack | E13: Community | F13: DC1 | G13: 3 | H13: 8 | I13: 32 | J13: 300 | K13: =H13*G13 -> 24 | L13: =I13*G13 -> 96 | M13: =G13*J13 -> 900 | N13: =K13*#REF! -> #REF! | O13: =M13*#REF! -> #REF! | R13: =SUM(N13:Q13) -> #REF!
B14: 12 | C14: Kibana Logstash | D14: ELK Stack | E14: Community | F14: DC1 | G14: 1 | H14: 8 | I14: 16 | J14: 300 | K14: =H14*G14 -> 8 | L14: =I14*G14 -> 16 | M14: =G14*J14 -> 300 | N14: =K14*#REF! -> #REF! | O14: =M14*#REF! -> #REF! | R14: =SUM(N14:Q14) -> #REF!
B15: 13 | C15: Redhat OCP Master | D15: Container Platform | E15: Enterprise | F15: DC2 | G15: 3 | H15: 8 | I15: 32 | J15: 150 | K15: =H15*G15 -> 24 | L15: =I15*G15 -> 96 | M15: =J15*G15 -> 450 | N15: =K15*#REF! -> #REF! | O15: =M15*#REF! -> #REF! | P15: 0 | R15: =SUM(N15:Q15) -> #REF!
B16: 14 | C16: Redhat OCP Infra Router | D16: Container Platform | E16: Enterprise | F16: DC2 | G16: 5 | H16: 8 | I16: 32 | J16: 150 | K16: =H16*G16 -> 40 | L16: =I16*G16 -> 160 | M16: =J16*G16 -> 750 | N16: =K16*#REF! -> #REF! | O16: =M16*#REF! -> #REF! | P16: 0 | R16: =SUM(N16:Q16) -> #REF!
B17: 15 | C17: Redhat OCP Worker (Baremetal) | D17: Container Platform | E17: Enterprise | F17: DC2 | G17: 1 | H17: 64 | I17: 1024 | J17: 1024 | K17: =H17*G17 -> 64 | L17: =I17*G17 -> 1024 | M17: =J17*G17 -> 1024 | N17: 0 | O17: 0 | P17: 0 | Q17: =G17*#REF! -> #REF! | R17: =SUM(N17:Q17) -> #REF!
B18: 16 | C18: Bastion & HA Proxy | D18: Bastion | E18: Enterprise | F18: DC2 | G18: 1 | H18: 4 | I18: 8 | J18: 100 | K18: =H18*G18 -> 4 | L18: =I18*G18 -> 8 | M18: =J18*G18 -> 100 | N18: =K18*#REF! -> #REF! | O18: =M18*#REF! -> #REF! | P18: 0 | R18: =SUM(N18:Q18) -> #REF!
B19: 17 | C19: Oracle Database RAC (Baremetal) | D19: Database | E19: Enterprise | F19: DC2 | G19: 2 | H19: 28 | I19: 256 | J19: 60000 | K19: =H19*G19 -> 56 | L19: =I19*G19 -> 512 | M19: =J19 -> 60000 | N19: =K19*#REF! -> #REF! | O19: =M19*#REF! -> #REF! | P19: =M19*50%*80%*#REF! -> #REF! | R19: =SUM(N19:Q19) -> #REF!
B20: 18 | C20: Nginx Community | D20: Application Gateway | E20: Community | F20: DC2 | G20: 2 | H20: 8 | I20: 16 | J20: 200 | K20: =H20*G20 -> 16 | L20: =I20*G20 -> 32 | M20: =J20*G20 -> 400 | N20: =K20*#REF! -> #REF! | O20: =M20*#REF! -> #REF! | R20: =SUM(N20:Q20) -> #REF!
B21: 19 | C21: Redis Enterprise | D21: Cache Database | E21: Enterprise | F21: DC2 | G21: 3 | H21: 8 | I21: 16 | J21: 200 | K21: =H21*G21 -> 24 | L21: =I21*G21 -> 48 | M21: =J21*G21 -> 600 | N21: =K21*#REF! -> #REF! | O21: =M21*#REF! -> #REF! | R21: =SUM(N21:Q21) -> #REF!
B22: 20 | C22: Confluent Kafka Community App Log (Non Financial) | D22: Kafka Broker & Zookeeper | E22: Community | F22: DC2 | G22: 3 | H22: 8 | I22: 16 | J22: 1000 | K22: =H22*G22 -> 24 | L22: =I22*G22 -> 48 | M22: =J22*G22 -> 3000 | N22: =K22*#REF! -> #REF! | O22: =M22*#REF! -> #REF! | R22: =SUM(N22:Q22) -> #REF!
B23: 21 | C23: Batch Control M | D23: Batch Server | E23: Enterprise | F23: DC2 | G23: 1 | H23: 8 | I23: 16 | J23: 500 | K23: =H23*G23 -> 8 | L23: =I23*G23 -> 16 | M23: =J23*G23 -> 500 | N23: =K23*#REF! -> #REF! | O23: =M23*#REF! -> #REF! | R23: =SUM(N23:Q23) -> #REF!
B24: 22 | C24: MinIO | D24: Object Storage | E24: Community | F24: DC2 | G24: 1 | H24: 16 | I24: 32 | J24: 500 | K24: =H24*G24 -> 16 | L24: =I24*G24 -> 32 | M24: =J24*G24 -> 500 | N24: =K24*#REF! -> #REF! | O24: =M24*#REF! -> #REF! | R24: =SUM(N24:Q24) -> #REF! | T24: Strg DB Prod | U24: =M7*2 -> 120000 | V24: =U24/U25 -> 9.2307692
B25: 23 | C25: Elasticsearch Master & Data | D25: ELK Stack | E25: Community | F25: DC2 | G25: 3 | H25: 8 | I25: 32 | J25: 300 | K25: =H25*G25 -> 24 | L25: =I25*G25 -> 96 | M25: =J25*G25 -> 900 | N25: =K25*#REF! -> #REF! | O25: =M25*#REF! -> #REF! | R25: =SUM(N25:Q25) -> #REF! | T25: Strg DB PT | U25: =M32 -> 13000 | V25: 1
B26: 24 | C26: Kibana Logstash | D26: ELK Stack | E26: Community | F26: DC2 | G26: 1 | H26: 8 | I26: 16 | J26: 300 | K26: =H26*G26 -> 8 | L26: =I26*G26 -> 16 | M26: =J26*G26 -> 300 | N26: =K26*#REF! -> #REF! | O26: =M26*#REF! -> #REF! | R26: =SUM(N26:Q26) -> #REF!
B28: 25 | C28: Redhat OCP Master | D28: Container Platform | E28: Enterprise | F28: PT | G28: 3 | H28: 8 | I28: 32 | J28: 150 | K28: =H28*G28 -> 24 | L28: =I28*G28 -> 96 | M28: =J28*G28 -> 450 | N28: =K28*#REF! -> #REF! | O28: =M28*#REF! -> #REF! | R28: =SUM(N28:Q28) -> #REF!
B29: 26 | C29: Redhat OCP Infra Router | D29: Container Platform | E29: Enterprise | F29: PT | G29: 5 | H29: 8 | I29: 32 | J29: 150 | K29: =H29*G29 -> 40 | L29: =I29*G29 -> 160 | M29: =J29*G29 -> 750 | N29: =K29*#REF! -> #REF! | O29: =M29*#REF! -> #REF! | R29: =SUM(N29:Q29) -> #REF! | T29: Strg Prod | U29: =SUM(M3:M26) -> 137048 | V29: =U29/U30 -> 6.367218
B30: 27 | C30: Redhat OCP Worker (Baremetal) | D30: Container Platform | E30: Enterprise | F30: PT | G30: 1 | H30: 64 | I30: 1024 | J30: 1024 | K30: =H30*G30 -> 64 | L30: =I30*G30 -> 1024 | M30: =J30*G30 -> 1024 | N30: 0 | O30: 0 | Q30: =G30*#REF! -> #REF! | R30: =SUM(N30:Q30) -> #REF! | T30: Strg PT | U30: =SUM(M28:M39) -> 21524 | V30: =1 -> 1
B31: 28 | C31: Bastion & HA Proxy | D31: Bastion | E31: Enterprise | F31: PT | G31: 1 | H31: 4 | I31: 8 | J31: 100 | K31: =H31*G31 -> 4 | L31: =I31*G31 -> 8 | M31: =J31*G31 -> 100 | N31: =K31*#REF! -> #REF! | O31: =M31*#REF! -> #REF! | R31: =SUM(N31:Q31) -> #REF!
B32: 29 | C32: Oracle Database RAC (Baremetal) | D32: Database | E32: Enterprise | F32: PT | G32: 2 | H32: 64 | I32: 1024 | J32: 13000 | K32: =H32*G32 -> 128 | L32: =I32*G32 -> 2048 | M32: 13000 | N32: 0 | O32: =M32*#REF! -> #REF! | Q32: =G32*#REF! -> #REF! | R32: =SUM(N32:Q32) -> #REF! | T32: Memoru Prod | U32: =SUM(L3:L26) -> 4176 | V32: =U32/U33 -> 1.1372549
B33: 30 | C33: Nginx Community | D33: Application Gateway | E33: Community | F33: PT | G33: 2 | H33: 8 | I33: 16 | J33: 200 | K33: =H33*G33 -> 16 | L33: =I33*G33 -> 32 | M33: =J33*G33 -> 400 | N33: =K33*#REF! -> #REF! | O33: =M33*#REF! -> #REF! | R33: =SUM(N33:Q33) -> #REF! | T33: Memory PT | U33: =SUM(L28:L40) -> 3672 | V33: 1
B34: 31 | C34: Redis Enterprise | D34: Cache Database | E34: Enterprise | F34: PT | G34: 3 | H34: 8 | I34: 16 | J34: 200 | K34: =H34*G34 -> 24 | L34: =I34*G34 -> 48 | M34: =J34*G34 -> 600 | N34: =K34*#REF! -> #REF! | O34: =M34*#REF! -> #REF! | R34: =SUM(N34:Q34) -> #REF!
B35: 32 | C35: Confluent Kafka Community App Log (Non Financial) | D35: Kafka Broker & Zookeeper | E35: Community | F35: PT | G35: 3 | H35: 8 | I35: 16 | J35: 1000 | K35: =H35*G35 -> 24 | L35: =I35*G35 -> 48 | M35: =J35*G35 -> 3000 | N35: =K35*#REF! -> #REF! | O35: =M35*#REF! -> #REF! | R35: =SUM(N35:Q35) -> #REF! | T35: CPU Prod
B36: 33 | C36: Batch Control M | D36: Batch Server | E36: Enterprise | F36: PT | G36: 1 | H36: 8 | I36: 16 | J36: 500 | K36: =H36*G36 -> 8 | L36: =I36*G36 -> 16 | M36: =J36*G36 -> 500 | N36: =K36*#REF! -> #REF! | O36: =M36*#REF! -> #REF! | R36: =SUM(N36:Q36) -> #REF! | T36: CPU Dev
B37: 34 | C37: MinIO | D37: Object Storage | E37: Enterprise | F37: PT | G37: 1 | H37: 16 | I37: 32 | J37: 500 | K37: =H37*G37 -> 16 | L37: =I37*G37 -> 32 | M37: =J37*G37 -> 500 | N37: =K37*#REF! -> #REF! | O37: =M37*#REF! -> #REF! | R37: =SUM(N37:Q37) -> #REF!
B38: 35 | C38: Elasticsearch Master & Data | D38: ELK Stack | E38: Community | F38: PT | G38: 3 | H38: 8 | I38: 32 | J38: 300 | K38: =H38*G38 -> 24 | L38: =I38*G38 -> 96 | M38: =J38*G38 -> 900 | N38: =K38*#REF! -> #REF! | O38: =M38*#REF! -> #REF! | R38: =SUM(N38:Q38) -> #REF!
B39: 36 | C39: Kibana Logstash | D39: ELK Stack | E39: Community | F39: PT | G39: 1 | H39: 8 | I39: 16 | J39: 300 | K39: =H39*G39 -> 8 | L39: =I39*G39 -> 16 | M39: =J39*G39 -> 300 | N39: =K39*#REF! -> #REF! | O39: =M39*#REF! -> #REF! | R39: =SUM(N39:Q39) -> #REF!
B40: 37 | C40: Wiremock | D40: Wiremock | E40: Community | F40: PT | G40: 2 | H40: 8 | I40: 24 | J40: 128 | K40: =H40*G40 -> 16 | L40: =I40*G40 -> 48 | M40: =J40*G40 -> 256 | N40: =K40*#REF! -> #REF! | O40: =M40*#REF! -> #REF! | R40: =SUM(N40:Q40) -> #REF!
B42: 38 | C42: Oracle Database (VM) | D42: Database | E42: Enterprise | F42: DEV & UAT | G42: 1 | H42: 16 | I42: 32 | J42: =2500 -> 2500 | K42: =H42*G42 -> 16 | L42: 64 | M42: =J42*G42 -> 2500 | N42: =K42*#REF! -> #REF! | O42: =M42*#REF! -> #REF! | R42: =SUM(N42:Q42) -> #REF!
B43: 39 | C43: Nginx Community | D43: Application Gateway | E43: Community | F43: DEV & UAT | G43: 2 | H43: 4 | I43: 8 | J43: 200 | K43: =H43*G43 -> 8 | L43: =I43*G43 -> 16 | M43: =J43*G43 -> 400 | N43: =K43*#REF! -> #REF! | O43: =M43*#REF! -> #REF! | R43: =SUM(N43:Q43) -> #REF!
B44: 40 | C44: Redis Community | D44: Cache Database | E44: Community | F44: DEV & UAT | G44: 1 | H44: 4 | I44: 8 | J44: 200 | K44: =H44*G44 -> 4 | L44: =I44*G44 -> 8 | M44: =J44*G44 -> 200 | N44: =K44*#REF! -> #REF! | O44: =M44*#REF! -> #REF! | R44: =SUM(N44:Q44) -> #REF!
B45: 41 | C45: Confluent Kafka Community App Log (Non Financial) | D45: Kafka Broker & Zookeeper | E45: Community | F45: DEV & UAT | G45: 3 | H45: 8 | I45: 16 | J45: 500 | K45: =H45*G45 -> 24 | L45: =I45*G45 -> 48 | M45: =J45*G45 -> 1500 | N45: =K45*#REF! -> #REF! | O45: =M45*#REF! -> #REF! | R45: =SUM(N45:Q45) -> #REF!
B46: 42 | C46: Batch Control M | D46: Batch Server | E46: Enterprise | F46: DEV & UAT | G46: 1 | H46: 8 | I46: 16 | J46: 500 | K46: =H46*G46 -> 8 | L46: =I46*G46 -> 16 | M46: =J46*G46 -> 500 | N46: =K46*#REF! -> #REF! | O46: =M46*#REF! -> #REF! | R46: =SUM(N46:Q46) -> #REF!
B47: 43 | C47: VM S3 | D47: Object Storage | E47: Enterprise | F47: DEV & UAT | G47: 1 | H47: 4 | I47: 8 | J47: 500 | K47: =H47*G47 -> 4 | L47: =I47*G47 -> 8 | M47: =J47*G47 -> 500 | N47: =K47*#REF! -> #REF! | O47: =M47*#REF! -> #REF! | R47: =SUM(N47:Q47) -> #REF!
B48: 44 | C48: Elasticsearch Master & Data | D48: ELK Stack | E48: Community | F48: DEV & UAT | G48: 3 | H48: 8 | I48: 16 | J48: 500 | K48: =H48*G48 -> 24 | L48: =I48*G48 -> 48 | M48: =J48*G48 -> 1500 | N48: =K48*#REF! -> #REF! | O48: =M48*#REF! -> #REF! | R48: =SUM(N48:Q48) -> #REF!
B49: 45 | C49: Kibana Logstash | D49: ELK Stack | E49: Community | F49: DEV & UAT | G49: 1 | H49: 8 | I49: 16 | J49: 300 | K49: =H49*G49 -> 8 | L49: =I49*G49 -> 16 | M49: =J49*G49 -> 300 | N49: =K49*#REF! -> #REF! | O49: =M49*#REF! -> #REF! | R49: =SUM(N49:Q49) -> #REF!
B50: 46 | C50: Jfrog | D50: Artifactory Repository | E50: Enterprise | F50: DEV & UAT | G50: 1 | H50: 0 | I50: 0 | J50: 500 | K50: =H50*G50 -> 0 | L50: =I50*G50 -> 0 | M50: =J50*G50 -> 500 | N50: =K50*#REF! -> #REF! | O50: =M50*#REF! -> #REF! | R50: =SUM(N50:Q50) -> #REF!
B51: 47 | C51: Jenkins | D51: CI / CD | E51: Community | F51: DEV & UAT | G51: 1 | H51: 0 | I51: 0 | J51: 500 | K51: =H51*G51 -> 0 | L51: =I51*G51 -> 0 | M51: =J51*G51 -> 500 | N51: =K51*#REF! -> #REF! | O51: =M51*#REF! -> #REF! | R51: =SUM(N51:Q51) -> #REF!
B52: 48 | C52: Redhat OCP Worker (Baremetal) | D52: Container Platform | E52: Enterprise | F52: DEV & UAT | G52: 1 | H52: 64 | I52: 1024 | J52: 1024 | K52: =H52*G52 -> 64 | L52: =I52*G52 -> 1024 | M52: =J52*G52 -> 1024 | N52: 0 | O52: 0 | Q52: =G52*#REF! -> #REF! | R52: =SUM(N52:Q52) -> #REF!
B55: Summary Hardware Prod
B56: No | C56: Item | D56: Price | G56: CPU | H56: Mem (GB) | I56: Storage (GB)
B57: 1 | C57: Redhat OCP | D57: =SUM(R3:R6,R15:R18) -> #REF! | F57: Prod | G57: =SUM(K3:K4)+SUM(K6:K6)+SUM(K8:K16)+SUM(K18:K18)+SUM(K20:K26) -> 376 | H57: =SUM(L3:L4)+SUM(L6:L6)+SUM(L8:L16)+SUM(L18:L18)+SUM(L20:L26) -> 1104 | I57: =SUM(M3:M26) -> 137048
B58: 2 | C58: Nginx Community | D58: =R8+R20 -> #REF!
B59: 3 | C59: Redis Enterprise | D59: =R9+R21 -> #REF! | F59: PT | G59: =SUM(K28:K29)+SUM(K31:K31)+SUM(K33:K39) -> 188 | H59: =SUM(L28:L29)+SUM(L31:L31)+SUM(L33:L39) -> 552 | I59: =SUM(M28:M39) -> 21524 | M59: =SUM(M3:M52) -> 168252
B60: 4 | C60: Confluent Kafka Community | D60: =R10+R22 -> #REF!
B61: 5 | C61: ELK Stack Community | D61: =SUM(R13:R14)+SUM(R25:R26) -> #REF! | F61: Dev | G61: =SUM(K42:K51) -> 96 | H61: =SUM(L42:L51) -> 224 | I61: =SUM(M42:M51) -> 8400
B62: 6 | C62: MinIO | D62: =R12+R24 -> #REF! | F62: Total Non Prod | G62: =SUM(G59:G61) -> 284 | H62: =SUM(H59:H61) -> 776 | I62: =SUM(I59:I61) -> 29924
B63: 7 | C63: Batch Control M | D63: =R11+R23 -> #REF!
B64: 8 | C64: Oracle Database RAC | D64: =R7+R19 -> #REF!
C65: Total | D65: =SUM(D57:D64) -> #REF!
G66: DC | H66: PT
B67: Summary Hardware PT | F67: Oracle | G67: 4 | H67: 2
B68: No | C68: Item | D68: Price | F68: OCP | G68: 2 | H68: 1
B69: 1 | C69: Redhat OCP | D69: =SUM(R28:R31) -> #REF!
B70: 2 | C70: Nginx Community | D70: =R33 -> #REF!
B71: 3 | C71: Redis Enterprise | D71: =R34 -> #REF! | H71: HW + License
B72: 4 | C72: Oracle Database RAC | D72: =R32 -> #REF! | F72: Platform HW Prod | G72: =SUM(D57:D63) -> #REF! | H72: =G72+J72 -> #REF! | I72: Platform License Prod | J72: =SUM(F97,#REF!,F105:F110) -> #REF!
B73: 5 | C73: Confluent Kafka Community | D73: =R35 -> #REF! | F73: Platform HW PT | G73: =SUM(D69:D71,D73:D77) -> #REF! | H73: =G73+J73 -> #REF! | I73: Platform License PT | J73: =SUM(F116,F123,F125:F125) -> #REF!
B74: 6 | C74: ELK Stack Community | D74: =R38+R39 -> #REF! | F74: Platform HW Dev | G74: =SUM(D82:D83,D85:D90) -> #REF! | H74: =G74+J74 -> #REF! | I74: Platform License Dev | J74: =SUM(F134:F136) -> #REF!
B75: 7 | C75: MinIO | D75: =R37 -> #REF! | G75: =SUM(G72:G74) -> #REF! | H75: =SUM(H72:H74) -> #REF! | J75: =SUM(J72:J74) -> #REF!
B76: 8 | C76: Batch Control M | D76: =R36 -> #REF!
B77: 9 | C77: Wiremock | D77: =R40 -> #REF! | F77: DB HW Prod | G77: =SUM(D64) -> #REF! | H77: =G77+J77 -> #REF! | I77: DB License Prod | J77: =F104 -> 96000000
C78: Total | D78: =SUM(D69:D77) -> #REF! | F78: DB HW PT | G78: =D72 -> #REF! | H78: =G78+J78 -> #REF! | I78: DB License PT | J78: =F124 -> 48000000
F79: DB HW Dev | G79: =D84 -> #REF! | H79: =G79+J79 -> #REF! | I79: DB License Dev | J79: 0
B80: Summary Hardware DEV | H80: =SUM(H77:H79) -> #REF!
B81: No | C81: Item | D81: Price | H81: =H80+H75 -> #REF!
B82: 1 | C82: Nginx Community | D82: =R43 -> #REF!
B83: 2 | C83: Redis Community | D83: =R44 -> #REF!
B84: 3 | C84: Oracle Database | D84: =R42 -> #REF!
B85: 4 | C85: Confluent Kafka Community | D85: =R45 -> #REF!
B86: 5 | C86: ELK Stack Community | D86: =R48+R49 -> #REF!
B87: 6 | C87: MinIO | D87: =R47 -> #REF!
B88: 7 | C88: Batch Control M | D88: =R46 -> #REF!
B89: 8 | C89: Jfrog | D89: =R50 -> #REF!
B90: 9 | C90: Jenkins | D90: =R51 -> #REF!
B91: 10 | C91: Redhat OCP | D91: =R52 -> #REF!
C92: Total | D92: =SUM(D82:D91) -> #REF!
B95: Summary License Prod
B96: No | C96: Item | D96: #of License | E96: Harga Satuan | F96: Total Harga | G96: Remarks
B97: 1 | C97: Redhat Openshift Kubernetes Engine | D97: =G5+G17 -> 2 | E97: 236922840 | F97: =E97*D97 -> 473845680
B98: 2 | C98: Oracle Database Enterprise Edition | D98: =(K7+K19)*0.5 -> 56 | E98: =#REF! -> #REF! | F98: 0 | G98: ELA
B99: 3 | C99: Oracle Diagnostic Pack | D99: =(K7+K19)*0.5 -> 56 | E99: =#REF! -> #REF! | F99: 0 | G99: ELA
B100: 4 | C100: Oracle Partitioning | D100: =(K7+K19)*0.5 -> 56 | E100: =#REF! -> #REF! | F100: 0 | G100: ELA
B101: 5 | C101: Oracle Tuning Pack | D101: =(K7+K19)*0.5 -> 56 | E101: =#REF! -> #REF! | F101: 0 | G101: ELA
B102: 6 | C102: Oracle Real Application Cluster | D102: =(K7+K19)*0.5 -> 56 | E102: =#REF! -> #REF! | F102: 0 | G102: ELA
B103: 7 | C103: Oracle Active Data Guard | D103: =(K7+K19)*0.5 -> 56 | E103: =#REF! -> #REF! | F103: 0 | G103: ELA
B104: 9 | C104: Oracle Linux DB | D104: 4 | E104: 24000000 | F104: =D104*E104 -> 96000000
B105: 10 | C105: Redis Enterprise | D105: 4 | E105: 112320000 | F105: =D105*E105 -> 449280000
B106: 11 | C106: RHEL | D106: =ROUNDUP(SUM(K6,K8,K9,K10,K11,K12,K13,K14)/64,0)*2 -> 4 | E106: =#REF! -> #REF! | F106: =E106*D106 -> #REF!
...

Sheet FS Opsi Oracle VM RAC DB T3 60T
B1: Summary Hardware
B2: No | C2: Group | D2: Description | E2: Edition | F2: Environment | G2: # of VM | H2: CPU | I2: Memory | J2: Storage | K2: Total CPU | L2: Total Memory | M2: Total Storage | N2: Pricing CPU | O2: Pricing Storage | P2: Pricing Rubrik / NBU | Q2: Pricing Baremetal | R2: Total
B3: 1 | C3: Redhat OCP Master | D3: Container Platform | E3: Enterprise | F3: DC1 | G3: 3 | H3: 8 | I3: 32 | J3: 150 | K3: =H3*G3 -> 24 | L3: =I3*G3 -> 96 | M3: =J3*G3 -> 450 | N3: =K3*#REF! -> #REF! | O3: =M3*#REF! -> #REF! | P3: 0 | R3: =SUM(N3:Q3) -> #REF!
B4: 2 | C4: Redhat OCP Infra Router | D4: Container Platform | E4: Enterprise | F4: DC1 | G4: 5 | H4: 8 | I4: 32 | J4: 150 | K4: =H4*G4 -> 40 | L4: =I4*G4 -> 160 | M4: =J4*G4 -> 750 | N4: =K4*#REF! -> #REF! | O4: =M4*#REF! -> #REF! | P4: 0 | R4: =SUM(N4:Q4) -> #REF!
B5: 3 | C5: Redhat OCP Worker (Baremetal) | D5: Container Platform | E5: Enterprise | F5: DC1 | G5: 1 | H5: 64 | I5: 1024 | J5: 1024 | K5: =H5*G5 -> 64 | L5: =I5*G5 -> 1024 | M5: =J5*G5 -> 1024 | N5: 0 | O5: 0 | P5: 0 | Q5: =G5*#REF! -> #REF! | R5: =SUM(N5:Q5) -> #REF!
B6: 4 | C6: Bastion & HA Proxy | D6: Bastion | E6: Enterprise | F6: DC1 | G6: 1 | H6: 4 | I6: 8 | J6: 100 | K6: =H6*G6 -> 4 | L6: =I6*G6 -> 8 | M6: =J6*G6 -> 100 | N6: =K6*#REF! -> #REF! | O6: =M6*#REF! -> #REF! | P6: 0 | R6: =SUM(N6:Q6) -> #REF!
B7: 5 | C7: Oracle Database RAC (Baremetal) | D7: Database | E7: Enterprise | F7: DC1 | G7: 2 | H7: 28 | I7: 256 | J7: 60000 | K7: =H7*G7 -> 56 | L7: =I7*G7 -> 512 | M7: =J7 -> 60000 | N7: =K7*#REF! -> #REF! | O7: =M7*#REF! -> #REF! | P7: =M7*50%*80%*#REF! -> #REF! | R7: =SUM(N7:Q7) -> #REF!
B8: 6 | C8: Nginx Community | D8: Application Gateway | E8: Community | F8: DC1 | G8: 2 | H8: 8 | I8: 16 | J8: 200 | K8: =H8*G8 -> 16 | L8: =I8*G8 -> 32 | M8: =G8*J8 -> 400 | N8: =K8*#REF! -> #REF! | O8: =M8*#REF! -> #REF! | R8: =SUM(N8:Q8) -> #REF!
B9: 7 | C9: Redis Enterprise | D9: Cache Database | E9: Enterprise | F9: DC1 | G9: 3 | H9: 8 | I9: 16 | J9: 200 | K9: =H9*G9 -> 24 | L9: =I9*G9 -> 48 | M9: =G9*J9 -> 600 | N9: =K9*#REF! -> #REF! | O9: =M9*#REF! -> #REF! | R9: =SUM(N9:Q9) -> #REF!
B10: 8 | C10: Confluent Kafka Community App Log (Non Financial) | D10: Kafka Broker & Zookeeper | E10: Community | F10: DC1 | G10: 3 | H10: 8 | I10: 16 | J10: 1000 | K10: =H10*G10 -> 24 | L10: =I10*G10 -> 48 | M10: =G10*J10 -> 3000 | N10: =K10*#REF! -> #REF! | O10: =M10*#REF! -> #REF! | R10: =SUM(N10:Q10) -> #REF!
B11: 9 | C11: Batch Control M | D11: Batch Server | E11: Enterprise | F11: DC1 | G11: 1 | H11: 8 | I11: 16 | J11: 500 | K11: =H11*G11 -> 8 | L11: =I11*G11 -> 16 | M11: =G11*J11 -> 500 | N11: =K11*#REF! -> #REF! | O11: =M11*#REF! -> #REF! | R11: =SUM(N11:Q11) -> #REF!
B12: 10 | C12: MinIO | D12: Object Storage | E12: Community | F12: DC1 | G12: 1 | H12: 16 | I12: 32 | J12: 500 | K12: =H12*G12 -> 16 | L12: =I12*G12 -> 32 | M12: =G12*J12 -> 500 | N12: =K12*#REF! -> #REF! | O12: =M12*#REF! -> #REF! | R12: =SUM(N12:Q12) -> #REF!
B13: 11 | C13: Elasticsearch Master & Data | D13: ELK Stack | E13: Community | F13: DC1 | G13: 3 | H13: 8 | I13: 32 | J13: 300 | K13: =H13*G13 -> 24 | L13: =I13*G13 -> 96 | M13: =G13*J13 -> 900 | N13: =K13*#REF! -> #REF! | O13: =M13*#REF! -> #REF! | R13: =SUM(N13:Q13) -> #REF!
B14: 12 | C14: Kibana Logstash | D14: ELK Stack | E14: Community | F14: DC1 | G14: 1 | H14: 8 | I14: 16 | J14: 300 | K14: =H14*G14 -> 8 | L14: =I14*G14 -> 16 | M14: =G14*J14 -> 300 | N14: =K14*#REF! -> #REF! | O14: =M14*#REF! -> #REF! | R14: =SUM(N14:Q14) -> #REF!
B15: 13 | C15: Redhat OCP Master | D15: Container Platform | E15: Enterprise | F15: DC2 | G15: 3 | H15: 8 | I15: 32 | J15: 150 | K15: =H15*G15 -> 24 | L15: =I15*G15 -> 96 | M15: =J15*G15 -> 450 | N15: =K15*#REF! -> #REF! | O15: =M15*#REF! -> #REF! | P15: 0 | R15: =SUM(N15:Q15) -> #REF!
B16: 14 | C16: Redhat OCP Infra Router | D16: Container Platform | E16: Enterprise | F16: DC2 | G16: 5 | H16: 8 | I16: 32 | J16: 150 | K16: =H16*G16 -> 40 | L16: =I16*G16 -> 160 | M16: =J16*G16 -> 750 | N16: =K16*#REF! -> #REF! | O16: =M16*#REF! -> #REF! | P16: 0 | R16: =SUM(N16:Q16) -> #REF!
B17: 15 | C17: Redhat OCP Worker (Baremetal) | D17: Container Platform | E17: Enterprise | F17: DC2 | G17: 1 | H17: 64 | I17: 1024 | J17: 1024 | K17: =H17*G17 -> 64 | L17: =I17*G17 -> 1024 | M17: =J17*G17 -> 1024 | N17: 0 | O17: 0 | P17: 0 | Q17: =G17*#REF! -> #REF! | R17: =SUM(N17:Q17) -> #REF!
B18: 16 | C18: Bastion & HA Proxy | D18: Bastion | E18: Enterprise | F18: DC2 | G18: 1 | H18: 4 | I18: 8 | J18: 100 | K18: =H18*G18 -> 4 | L18: =I18*G18 -> 8 | M18: =J18*G18 -> 100 | N18: =K18*#REF! -> #REF! | O18: =M18*#REF! -> #REF! | P18: 0 | R18: =SUM(N18:Q18) -> #REF!
B19: 17 | C19: Oracle Database RAC (Baremetal) | D19: Database | E19: Enterprise | F19: DC2 | G19: 2 | H19: 28 | I19: 256 | J19: 60000 | K19: =H19*G19 -> 56 | L19: =I19*G19 -> 512 | M19: =J19 -> 60000 | N19: =K19*#REF! -> #REF! | O19: =M19*#REF! -> #REF! | P19: =M19*50%*80%*#REF! -> #REF! | R19: =SUM(N19:Q19) -> #REF!
B20: 18 | C20: Nginx Community | D20: Application Gateway | E20: Community | F20: DC2 | G20: 2 | H20: 8 | I20: 16 | J20: 200 | K20: =H20*G20 -> 16 | L20: =I20*G20 -> 32 | M20: =J20*G20 -> 400 | N20: =K20*#REF! -> #REF! | O20: =M20*#REF! -> #REF! | R20: =SUM(N20:Q20) -> #REF!
B21: 19 | C21: Redis Enterprise | D21: Cache Database | E21: Enterprise | F21: DC2 | G21: 3 | H21: 8 | I21: 16 | J21: 200 | K21: =H21*G21 -> 24 | L21: =I21*G21 -> 48 | M21: =J21*G21 -> 600 | N21: =K21*#REF! -> #REF! | O21: =M21*#REF! -> #REF! | R21: =SUM(N21:Q21) -> #REF!
B22: 20 | C22: Confluent Kafka Community App Log (Non Financial) | D22: Kafka Broker & Zookeeper | E22: Community | F22: DC2 | G22: 3 | H22: 8 | I22: 16 | J22: 1000 | K22: =H22*G22 -> 24 | L22: =I22*G22 -> 48 | M22: =J22*G22 -> 3000 | N22: =K22*#REF! -> #REF! | O22: =M22*#REF! -> #REF! | R22: =SUM(N22:Q22) -> #REF!
B23: 21 | C23: Batch Control M | D23: Batch Server | E23: Enterprise | F23: DC2 | G23: 1 | H23: 8 | I23: 16 | J23: 500 | K23: =H23*G23 -> 8 | L23: =I23*G23 -> 16 | M23: =J23*G23 -> 500 | N23: =K23*#REF! -> #REF! | O23: =M23*#REF! -> #REF! | R23: =SUM(N23:Q23) -> #REF!
B24: 22 | C24: MinIO | D24: Object Storage | E24: Community | F24: DC2 | G24: 1 | H24: 16 | I24: 32 | J24: 500 | K24: =H24*G24 -> 16 | L24: =I24*G24 -> 32 | M24: =J24*G24 -> 500 | N24: =K24*#REF! -> #REF! | O24: =M24*#REF! -> #REF! | R24: =SUM(N24:Q24) -> #REF! | T24: Strg DB Prod | U24: =M7*2 -> 120000 | V24: =U24/U25 -> 9.2307692
B25: 23 | C25: Elasticsearch Master & Data | D25: ELK Stack | E25: Community | F25: DC2 | G25: 3 | H25: 8 | I25: 32 | J25: 300 | K25: =H25*G25 -> 24 | L25: =I25*G25 -> 96 | M25: =J25*G25 -> 900 | N25: =K25*#REF! -> #REF! | O25: =M25*#REF! -> #REF! | R25: =SUM(N25:Q25) -> #REF! | T25: Strg DB PT | U25: =M32 -> 13000 | V25: 1
B26: 24 | C26: Kibana Logstash | D26: ELK Stack | E26: Community | F26: DC2 | G26: 1 | H26: 8 | I26: 16 | J26: 300 | K26: =H26*G26 -> 8 | L26: =I26*G26 -> 16 | M26: =J26*G26 -> 300 | N26: =K26*#REF! -> #REF! | O26: =M26*#REF! -> #REF! | R26: =SUM(N26:Q26) -> #REF!
B28: 25 | C28: Redhat OCP Master | D28: Container Platform | E28: Enterprise | F28: PT | G28: 3 | H28: 8 | I28: 32 | J28: 150 | K28: =H28*G28 -> 24 | L28: =I28*G28 -> 96 | M28: =J28*G28 -> 450 | N28: =K28*#REF! -> #REF! | O28: =M28*#REF! -> #REF! | R28: =SUM(N28:Q28) -> #REF!
B29: 26 | C29: Redhat OCP Infra Router | D29: Container Platform | E29: Enterprise | F29: PT | G29: 5 | H29: 8 | I29: 32 | J29: 150 | K29: =H29*G29 -> 40 | L29: =I29*G29 -> 160 | M29: =J29*G29 -> 750 | N29: =K29*#REF! -> #REF! | O29: =M29*#REF! -> #REF! | R29: =SUM(N29:Q29) -> #REF! | T29: Strg Prod | U29: =SUM(M3:M26) -> 137048 | V29: =U29/U30 -> 6.367218
B30: 27 | C30: Redhat OCP Worker (Baremetal) | D30: Container Platform | E30: Enterprise | F30: PT | G30: 1 | H30: 64 | I30: 1024 | J30: 1024 | K30: =H30*G30 -> 64 | L30: =I30*G30 -> 1024 | M30: =J30*G30 -> 1024 | N30: 0 | O30: 0 | Q30: =G30*#REF! -> #REF! | R30: =SUM(N30:Q30) -> #REF! | T30: Strg PT | U30: =SUM(M28:M39) -> 21524 | V30: =1 -> 1
B31: 28 | C31: Bastion & HA Proxy | D31: Bastion | E31: Enterprise | F31: PT | G31: 1 | H31: 4 | I31: 8 | J31: 100 | K31: =H31*G31 -> 4 | L31: =I31*G31 -> 8 | M31: =J31*G31 -> 100 | N31: =K31*#REF! -> #REF! | O31: =M31*#REF! -> #REF! | R31: =SUM(N31:Q31) -> #REF!
B32: 29 | C32: Oracle Database RAC (Baremetal) | D32: Database | E32: Enterprise | F32: PT | G32: 2 | H32: 28 | I32: 256 | J32: 13000 | K32: =H32*G32 -> 56 | L32: =I32*G32 -> 512 | M32: 13000 | N32: =K32*#REF! -> #REF! | O32: =M32*#REF! -> #REF! | R32: =SUM(N32:Q32) -> #REF! | T32: Memoru Prod | U32: =SUM(L3:L26) -> 4176 | V32: =U32/U33 -> 1.9550562
B33: 30 | C33: Nginx Community | D33: Application Gateway | E33: Community | F33: PT | G33: 2 | H33: 8 | I33: 16 | J33: 200 | K33: =H33*G33 -> 16 | L33: =I33*G33 -> 32 | M33: =J33*G33 -> 400 | N33: =K33*#REF! -> #REF! | O33: =M33*#REF! -> #REF! | R33: =SUM(N33:Q33) -> #REF! | T33: Memory PT | U33: =SUM(L28:L40) -> 2136 | V33: 1
B34: 31 | C34: Redis Enterprise | D34: Cache Database | E34: Enterprise | F34: PT | G34: 3 | H34: 8 | I34: 16 | J34: 200 | K34: =H34*G34 -> 24 | L34: =I34*G34 -> 48 | M34: =J34*G34 -> 600 | N34: =K34*#REF! -> #REF! | O34: =M34*#REF! -> #REF! | R34: =SUM(N34:Q34) -> #REF!
B35: 32 | C35: Confluent Kafka Community App Log (Non Financial) | D35: Kafka Broker & Zookeeper | E35: Community | F35: PT | G35: 3 | H35: 8 | I35: 16 | J35: 1000 | K35: =H35*G35 -> 24 | L35: =I35*G35 -> 48 | M35: =J35*G35 -> 3000 | N35: =K35*#REF! -> #REF! | O35: =M35*#REF! -> #REF! | R35: =SUM(N35:Q35) -> #REF! | T35: CPU Prod
B36: 33 | C36: Batch Control M | D36: Batch Server | E36: Enterprise | F36: PT | G36: 1 | H36: 8 | I36: 16 | J36: 500 | K36: =H36*G36 -> 8 | L36: =I36*G36 -> 16 | M36: =J36*G36 -> 500 | N36: =K36*#REF! -> #REF! | O36: =M36*#REF! -> #REF! | R36: =SUM(N36:Q36) -> #REF! | T36: CPU Dev
B37: 34 | C37: MinIO | D37: Object Storage | E37: Enterprise | F37: PT | G37: 1 | H37: 16 | I37: 32 | J37: 500 | K37: =H37*G37 -> 16 | L37: =I37*G37 -> 32 | M37: =J37*G37 -> 500 | N37: =K37*#REF! -> #REF! | O37: =M37*#REF! -> #REF! | R37: =SUM(N37:Q37) -> #REF!
B38: 35 | C38: Elasticsearch Master & Data | D38: ELK Stack | E38: Community | F38: PT | G38: 3 | H38: 8 | I38: 32 | J38: 300 | K38: =H38*G38 -> 24 | L38: =I38*G38 -> 96 | M38: =J38*G38 -> 900 | N38: =K38*#REF! -> #REF! | O38: =M38*#REF! -> #REF! | R38: =SUM(N38:Q38) -> #REF!
B39: 36 | C39: Kibana Logstash | D39: ELK Stack | E39: Community | F39: PT | G39: 1 | H39: 8 | I39: 16 | J39: 300 | K39: =H39*G39 -> 8 | L39: =I39*G39 -> 16 | M39: =J39*G39 -> 300 | N39: =K39*#REF! -> #REF! | O39: =M39*#REF! -> #REF! | R39: =SUM(N39:Q39) -> #REF!
B40: 37 | C40: Wiremock | D40: Wiremock | E40: Community | F40: PT | G40: 2 | H40: 8 | I40: 24 | J40: 128 | K40: =H40*G40 -> 16 | L40: =I40*G40 -> 48 | M40: =J40*G40 -> 256 | N40: =K40*#REF! -> #REF! | O40: =M40*#REF! -> #REF! | R40: =SUM(N40:Q40) -> #REF!
B42: 38 | C42: Oracle Database (VM) | D42: Database | E42: Enterprise | F42: DEV & UAT | G42: 1 | H42: 16 | I42: 32 | J42: =2500 -> 2500 | K42: =H42*G42 -> 16 | L42: 64 | M42: =J42*G42 -> 2500 | N42: =K42*#REF! -> #REF! | O42: =M42*#REF! -> #REF! | R42: =SUM(N42:Q42) -> #REF!
B43: 39 | C43: Nginx Community | D43: Application Gateway | E43: Community | F43: DEV & UAT | G43: 2 | H43: 4 | I43: 8 | J43: 200 | K43: =H43*G43 -> 8 | L43: =I43*G43 -> 16 | M43: =J43*G43 -> 400 | N43: =K43*#REF! -> #REF! | O43: =M43*#REF! -> #REF! | R43: =SUM(N43:Q43) -> #REF!
B44: 40 | C44: Redis Community | D44: Cache Database | E44: Community | F44: DEV & UAT | G44: 1 | H44: 4 | I44: 8 | J44: 200 | K44: =H44*G44 -> 4 | L44: =I44*G44 -> 8 | M44: =J44*G44 -> 200 | N44: =K44*#REF! -> #REF! | O44: =M44*#REF! -> #REF! | R44: =SUM(N44:Q44) -> #REF!
B45: 41 | C45: Confluent Kafka Community App Log (Non Financial) | D45: Kafka Broker & Zookeeper | E45: Community | F45: DEV & UAT | G45: 3 | H45: 8 | I45: 16 | J45: 500 | K45: =H45*G45 -> 24 | L45: =I45*G45 -> 48 | M45: =J45*G45 -> 1500 | N45: =K45*#REF! -> #REF! | O45: =M45*#REF! -> #REF! | R45: =SUM(N45:Q45) -> #REF!
B46: 42 | C46: Batch Control M | D46: Batch Server | E46: Enterprise | F46: DEV & UAT | G46: 1 | H46: 8 | I46: 16 | J46: 500 | K46: =H46*G46 -> 8 | L46: =I46*G46 -> 16 | M46: =J46*G46 -> 500 | N46: =K46*#REF! -> #REF! | O46: =M46*#REF! -> #REF! | R46: =SUM(N46:Q46) -> #REF!
B47: 43 | C47: VM S3 | D47: Object Storage | E47: Enterprise | F47: DEV & UAT | G47: 1 | H47: 4 | I47: 8 | J47: 500 | K47: =H47*G47 -> 4 | L47: =I47*G47 -> 8 | M47: =J47*G47 -> 500 | N47: =K47*#REF! -> #REF! | O47: =M47*#REF! -> #REF! | R47: =SUM(N47:Q47) -> #REF!
B48: 44 | C48: Elasticsearch Master & Data | D48: ELK Stack | E48: Community | F48: DEV & UAT | G48: 3 | H48: 8 | I48: 16 | J48: 500 | K48: =H48*G48 -> 24 | L48: =I48*G48 -> 48 | M48: =J48*G48 -> 1500 | N48: =K48*#REF! -> #REF! | O48: =M48*#REF! -> #REF! | R48: =SUM(N48:Q48) -> #REF!
B49: 45 | C49: Kibana Logstash | D49: ELK Stack | E49: Community | F49: DEV & UAT | G49: 1 | H49: 8 | I49: 16 | J49: 300 | K49: =H49*G49 -> 8 | L49: =I49*G49 -> 16 | M49: =J49*G49 -> 300 | N49: =K49*#REF! -> #REF! | O49: =M49*#REF! -> #REF! | R49: =SUM(N49:Q49) -> #REF!
B50: 46 | C50: Jfrog | D50: Artifactory Repository | E50: Enterprise | F50: DEV & UAT | G50: 1 | H50: 0 | I50: 0 | J50: 500 | K50: =H50*G50 -> 0 | L50: =I50*G50 -> 0 | M50: =J50*G50 -> 500 | N50: =K50*#REF! -> #REF! | O50: =M50*#REF! -> #REF! | R50: =SUM(N50:Q50) -> #REF!
B51: 47 | C51: Jenkins | D51: CI / CD | E51: Community | F51: DEV & UAT | G51: 1 | H51: 0 | I51: 0 | J51: 500 | K51: =H51*G51 -> 0 | L51: =I51*G51 -> 0 | M51: =J51*G51 -> 500 | N51: =K51*#REF! -> #REF! | O51: =M51*#REF! -> #REF! | R51: =SUM(N51:Q51) -> #REF!
B52: 48 | C52: Redhat OCP Worker (Baremetal) | D52: Container Platform | E52: Enterprise | F52: DEV & UAT | G52: 1 | H52: 64 | I52: 1024 | J52: 1024 | K52: =H52*G52 -> 64 | L52: =I52*G52 -> 1024 | M52: =J52*G52 -> 1024 | N52: 0 | O52: 0 | Q52: =G52*#REF! -> #REF! | R52: =SUM(N52:Q52) -> #REF!
B55: Summary Hardware Prod
B56: No | C56: Item | D56: Price | G56: CPU | H56: Mem (GB) | I56: Storage (GB)
B57: 1 | C57: Redhat OCP | D57: =SUM(R3:R6,R15:R18) -> #REF! | F57: Prod | G57: =SUM(K3:K4)+SUM(K6:K6)+SUM(K8:K16)+SUM(K18:K18)+SUM(K20:K26) -> 376 | H57: =SUM(L3:L4)+SUM(L6:L6)+SUM(L8:L16)+SUM(L18:L18)+SUM(L20:L26) -> 1104 | I57: =SUM(M3:M26) -> 137048
B58: 2 | C58: Nginx Community | D58: =R8+R20 -> #REF!
B59: 3 | C59: Redis Enterprise | D59: =R9+R21 -> #REF! | F59: PT | G59: =SUM(K28:K29)+SUM(K31:K31)+SUM(K33:K39) -> 188 | H59: =SUM(L28:L29)+SUM(L31:L31)+SUM(L33:L39) -> 552 | I59: =SUM(M28:M39) -> 21524 | M59: =SUM(M3:M52) -> 168252
B60: 4 | C60: Confluent Kafka Community | D60: =R10+R22 -> #REF!
B61: 5 | C61: ELK Stack Community | D61: =SUM(R13:R14)+SUM(R25:R26) -> #REF! | F61: Dev | G61: =SUM(K42:K51) -> 96 | H61: =SUM(L42:L51) -> 224 | I61: =SUM(M42:M51) -> 8400
B62: 6 | C62: MinIO | D62: =R12+R24 -> #REF! | F62: Total Non Prod | G62: =SUM(G59:G61) -> 284 | H62: =SUM(H59:H61) -> 776 | I62: =SUM(I59:I61) -> 29924
B63: 7 | C63: Batch Control M | D63: =R11+R23 -> #REF!
B64: 8 | C64: Oracle Database RAC | D64: =R7+R19 -> #REF!
C65: Total | D65: =SUM(D57:D64) -> #REF!
G66: DC | H66: PT
B67: Summary Hardware PT | F67: Oracle | G67: 4 | H67: 2
B68: No | C68: Item | D68: Price | F68: OCP | G68: 2 | H68: 1
B69: 1 | C69: Redhat OCP | D69: =SUM(R28:R31) -> #REF!
B70: 2 | C70: Nginx Community | D70: =R33 -> #REF!
B71: 3 | C71: Redis Enterprise | D71: =R34 -> #REF! | H71: HW + License
B72: 4 | C72: Oracle Database RAC | D72: =R32 -> #REF! | F72: Platform HW Prod | G72: =SUM(D57:D63) -> #REF! | H72: =G72+J72 -> #REF! | I72: Platform License Prod | J72: =SUM(F97,#REF!,F105:F110) -> #REF!
B73: 5 | C73: Confluent Kafka Community | D73: =R35 -> #REF! | F73: Platform HW PT | G73: =SUM(D69:D71,D73:D77) -> #REF! | H73: =G73+J73 -> #REF! | I73: Platform License PT | J73: =SUM(F116,F123,F125:F125) -> #REF!
B74: 6 | C74: ELK Stack Community | D74: =R38+R39 -> #REF! | F74: Platform HW Dev | G74: =SUM(D82:D83,D85:D90) -> #REF! | H74: =G74+J74 -> #REF! | I74: Platform License Dev | J74: =SUM(F134:F136) -> #REF!
B75: 7 | C75: MinIO | D75: =R37 -> #REF! | G75: =SUM(G72:G74) -> #REF! | H75: =SUM(H72:H74) -> #REF! | J75: =SUM(J72:J74) -> #REF!
B76: 8 | C76: Batch Control M | D76: =R36 -> #REF!
B77: 9 | C77: Wiremock | D77: =R40 -> #REF! | F77: DB HW Prod | G77: =SUM(D64) -> #REF! | H77: =G77+J77 -> #REF! | I77: DB License Prod | J77: =F104 -> 48000000
C78: Total | D78: =SUM(D69:D77) -> #REF! | F78: DB HW PT | G78: =D72 -> #REF! | H78: =G78+J78 -> #REF! | I78: DB License PT | J78: =F124 -> 24000000
F79: DB HW Dev | G79: =D84 -> #REF! | H79: =G79+J79 -> #REF! | I79: DB License Dev | J79: 0
B80: Summary Hardware DEV | H80: =SUM(H77:H79) -> #REF!
B81: No | C81: Item | D81: Price | H81: =H80+H75 -> #REF!
B82: 1 | C82: Nginx Community | D82: =R43 -> #REF!
B83: 2 | C83: Redis Community | D83: =R44 -> #REF!
B84: 3 | C84: Oracle Database | D84: =R42 -> #REF!
B85: 4 | C85: Confluent Kafka Community | D85: =R45 -> #REF!
B86: 5 | C86: ELK Stack Community | D86: =R48+R49 -> #REF!
B87: 6 | C87: MinIO | D87: =R47 -> #REF!
B88: 7 | C88: Batch Control M | D88: =R46 -> #REF!
B89: 8 | C89: Jfrog | D89: =R50 -> #REF!
B90: 9 | C90: Jenkins | D90: =R51 -> #REF!
B91: 10 | C91: Redhat OCP | D91: =R52 -> #REF!
C92: Total | D92: =SUM(D82:D91) -> #REF!
B95: Summary License Prod
B96: No | C96: Item | D96: #of License | E96: Harga Satuan | F96: Total Harga | G96: Remarks
B97: 1 | C97: Redhat Openshift Kubernetes Engine | D97: =G5+G17 -> 2 | E97: 236922840 | F97: =E97*D97 -> 473845680
B98: 2 | C98: Oracle Database Enterprise Edition | D98: =(K7+K19)*0.5 -> 56 | E98: =#REF! -> #REF! | F98: 0 | G98: ELA
B99: 3 | C99: Oracle Diagnostic Pack | D99: =(K7+K19)*0.5 -> 56 | E99: =#REF! -> #REF! | F99: 0 | G99: ELA
B100: 4 | C100: Oracle Partitioning | D100: =(K7+K19)*0.5 -> 56 | E100: =#REF! -> #REF! | F100: 0 | G100: ELA
B101: 5 | C101: Oracle Tuning Pack | D101: =(K7+K19)*0.5 -> 56 | E101: =#REF! -> #REF! | F101: 0 | G101: ELA
B102: 6 | C102: Oracle Real Application Cluster | D102: =(K7+K19)*0.5 -> 56 | E102: =#REF! -> #REF! | F102: 0 | G102: ELA
B103: 7 | C103: Oracle Active Data Guard | D103: =(K7+K19)*0.5 -> 56 | E103: =#REF! -> #REF! | F103: 0 | G103: ELA
B104: 9 | C104: Oracle Linux DB | D104: 2 | E104: 24000000 | F104: =D104*E104 -> 48000000
B105: 10 | C105: Redis Enterprise | D105: 4 | E105: 112320000 | F105: =D105*E105 -> 449280000
B106: 11 | C106: RHEL | D106: =ROUNDUP(SUM(K6,K8,K9,K10,K11,K12,K13,K14)/64,0)*2 -> 4 | E106: =#REF! -> #REF! | F106: =E106*D106 -> #REF!
...

Sheet FS Opsi Oracle VM RAC DB T3 30T
B1: Summary Hardware
B2: No | C2: Group | D2: Description | E2: Edition | F2: Environment | G2: # of VM | H2: CPU | I2: Memory | J2: Storage | K2: Total CPU | L2: Total Memory | M2: Total Storage | N2: Pricing CPU | O2: Pricing Storage | P2: Pricing Rubrik / NBU | Q2: Pricing Baremetal | R2: Total
B3: 1 | C3: Redhat OCP Master | D3: Container Platform | E3: Enterprise | F3: DC1 | G3: 3 | H3: 8 | I3: 32 | J3: 150 | K3: =H3*G3 -> 24 | L3: =I3*G3 -> 96 | M3: =J3*G3 -> 450 | N3: =K3*#REF! -> #REF! | O3: =M3*#REF! -> #REF! | P3: 0 | R3: =SUM(N3:Q3) -> #REF!
B4: 2 | C4: Redhat OCP Infra Router | D4: Container Platform | E4: Enterprise | F4: DC1 | G4: 5 | H4: 8 | I4: 32 | J4: 150 | K4: =H4*G4 -> 40 | L4: =I4*G4 -> 160 | M4: =J4*G4 -> 750 | N4: =K4*#REF! -> #REF! | O4: =M4*#REF! -> #REF! | P4: 0 | R4: =SUM(N4:Q4) -> #REF!
B5: 3 | C5: Redhat OCP Worker (Baremetal) | D5: Container Platform | E5: Enterprise | F5: DC1 | G5: 1 | H5: 64 | I5: 1024 | J5: 1024 | K5: =H5*G5 -> 64 | L5: =I5*G5 -> 1024 | M5: =J5*G5 -> 1024 | N5: 0 | O5: 0 | P5: 0 | Q5: =G5*#REF! -> #REF! | R5: =SUM(N5:Q5) -> #REF!
B6: 4 | C6: Bastion & HA Proxy | D6: Bastion | E6: Enterprise | F6: DC1 | G6: 1 | H6: 4 | I6: 8 | J6: 100 | K6: =H6*G6 -> 4 | L6: =I6*G6 -> 8 | M6: =J6*G6 -> 100 | N6: =K6*#REF! -> #REF! | O6: =M6*#REF! -> #REF! | P6: 0 | R6: =SUM(N6:Q6) -> #REF!
B7: 5 | C7: Oracle Database RAC (Baremetal) | D7: Database | E7: Enterprise | F7: DC1 | G7: 2 | H7: 28 | I7: 256 | J7: 30000 | K7: =H7*G7 -> 56 | L7: =I7*G7 -> 512 | M7: =J7 -> 30000 | N7: =K7*#REF! -> #REF! | O7: =M7*#REF! -> #REF! | P7: =M7*50%*80%*#REF! -> #REF! | R7: =SUM(N7:Q7) -> #REF!
B8: 6 | C8: Nginx Community | D8: Application Gateway | E8: Community | F8: DC1 | G8: 2 | H8: 8 | I8: 16 | J8: 200 | K8: =H8*G8 -> 16 | L8: =I8*G8 -> 32 | M8: =G8*J8 -> 400 | N8: =K8*#REF! -> #REF! | O8: =M8*#REF! -> #REF! | R8: =SUM(N8:Q8) -> #REF!
B9: 7 | C9: Redis Enterprise | D9: Cache Database | E9: Enterprise | F9: DC1 | G9: 3 | H9: 8 | I9: 16 | J9: 200 | K9: =H9*G9 -> 24 | L9: =I9*G9 -> 48 | M9: =G9*J9 -> 600 | N9: =K9*#REF! -> #REF! | O9: =M9*#REF! -> #REF! | R9: =SUM(N9:Q9) -> #REF!
B10: 8 | C10: Confluent Kafka Community App Log (Non Financial) | D10: Kafka Broker & Zookeeper | E10: Community | F10: DC1 | G10: 3 | H10: 8 | I10: 16 | J10: 1000 | K10: =H10*G10 -> 24 | L10: =I10*G10 -> 48 | M10: =G10*J10 -> 3000 | N10: =K10*#REF! -> #REF! | O10: =M10*#REF! -> #REF! | R10: =SUM(N10:Q10) -> #REF!
B11: 9 | C11: Batch Control M | D11: Batch Server | E11: Enterprise | F11: DC1 | G11: 1 | H11: 8 | I11: 16 | J11: 500 | K11: =H11*G11 -> 8 | L11: =I11*G11 -> 16 | M11: =G11*J11 -> 500 | N11: =K11*#REF! -> #REF! | O11: =M11*#REF! -> #REF! | R11: =SUM(N11:Q11) -> #REF!
B12: 10 | C12: MinIO | D12: Object Storage | E12: Community | F12: DC1 | G12: 1 | H12: 16 | I12: 32 | J12: 500 | K12: =H12*G12 -> 16 | L12: =I12*G12 -> 32 | M12: =G12*J12 -> 500 | N12: =K12*#REF! -> #REF! | O12: =M12*#REF! -> #REF! | R12: =SUM(N12:Q12) -> #REF!
B13: 11 | C13: Elasticsearch Master & Data | D13: ELK Stack | E13: Community | F13: DC1 | G13: 3 | H13: 8 | I13: 32 | J13: 300 | K13: =H13*G13 -> 24 | L13: =I13*G13 -> 96 | M13: =G13*J13 -> 900 | N13: =K13*#REF! -> #REF! | O13: =M13*#REF! -> #REF! | R13: =SUM(N13:Q13) -> #REF!
B14: 12 | C14: Kibana Logstash | D14: ELK Stack | E14: Community | F14: DC1 | G14: 1 | H14: 8 | I14: 16 | J14: 300 | K14: =H14*G14 -> 8 | L14: =I14*G14 -> 16 | M14: =G14*J14 -> 300 | N14: =K14*#REF! -> #REF! | O14: =M14*#REF! -> #REF! | R14: =SUM(N14:Q14) -> #REF!
B15: 13 | C15: Redhat OCP Master | D15: Container Platform | E15: Enterprise | F15: DC2 | G15: 3 | H15: 8 | I15: 32 | J15: 150 | K15: =H15*G15 -> 24 | L15: =I15*G15 -> 96 | M15: =J15*G15 -> 450 | N15: =K15*#REF! -> #REF! | O15: =M15*#REF! -> #REF! | P15: 0 | R15: =SUM(N15:Q15) -> #REF!
B16: 14 | C16: Redhat OCP Infra Router | D16: Container Platform | E16: Enterprise | F16: DC2 | G16: 5 | H16: 8 | I16: 32 | J16: 150 | K16: =H16*G16 -> 40 | L16: =I16*G16 -> 160 | M16: =J16*G16 -> 750 | N16: =K16*#REF! -> #REF! | O16: =M16*#REF! -> #REF! | P16: 0 | R16: =SUM(N16:Q16) -> #REF!
B17: 15 | C17: Redhat OCP Worker (Baremetal) | D17: Container Platform | E17: Enterprise | F17: DC2 | G17: 1 | H17: 64 | I17: 1024 | J17: 1024 | K17: =H17*G17 -> 64 | L17: =I17*G17 -> 1024 | M17: =J17*G17 -> 1024 | N17: 0 | O17: 0 | P17: 0 | Q17: =G17*#REF! -> #REF! | R17: =SUM(N17:Q17) -> #REF!
B18: 16 | C18: Bastion & HA Proxy | D18: Bastion | E18: Enterprise | F18: DC2 | G18: 1 | H18: 4 | I18: 8 | J18: 100 | K18: =H18*G18 -> 4 | L18: =I18*G18 -> 8 | M18: =J18*G18 -> 100 | N18: =K18*#REF! -> #REF! | O18: =M18*#REF! -> #REF! | P18: 0 | R18: =SUM(N18:Q18) -> #REF!
B19: 17 | C19: Oracle Database RAC (Baremetal) | D19: Database | E19: Enterprise | F19: DC2 | G19: 2 | H19: 28 | I19: 256 | J19: 30000 | K19: =H19*G19 -> 56 | L19: =I19*G19 -> 512 | M19: =J19 -> 30000 | N19: =K19*#REF! -> #REF! | O19: =M19*#REF! -> #REF! | P19: =M19*50%*80%*#REF! -> #REF! | R19: =SUM(N19:Q19) -> #REF!
B20: 18 | C20: Nginx Community | D20: Application Gateway | E20: Community | F20: DC2 | G20: 2 | H20: 8 | I20: 16 | J20: 200 | K20: =H20*G20 -> 16 | L20: =I20*G20 -> 32 | M20: =J20*G20 -> 400 | N20: =K20*#REF! -> #REF! | O20: =M20*#REF! -> #REF! | R20: =SUM(N20:Q20) -> #REF!
B21: 19 | C21: Redis Enterprise | D21: Cache Database | E21: Enterprise | F21: DC2 | G21: 3 | H21: 8 | I21: 16 | J21: 200 | K21: =H21*G21 -> 24 | L21: =I21*G21 -> 48 | M21: =J21*G21 -> 600 | N21: =K21*#REF! -> #REF! | O21: =M21*#REF! -> #REF! | R21: =SUM(N21:Q21) -> #REF!
B22: 20 | C22: Confluent Kafka Community App Log (Non Financial) | D22: Kafka Broker & Zookeeper | E22: Community | F22: DC2 | G22: 3 | H22: 8 | I22: 16 | J22: 1000 | K22: =H22*G22 -> 24 | L22: =I22*G22 -> 48 | M22: =J22*G22 -> 3000 | N22: =K22*#REF! -> #REF! | O22: =M22*#REF! -> #REF! | R22: =SUM(N22:Q22) -> #REF!
B23: 21 | C23: Batch Control M | D23: Batch Server | E23: Enterprise | F23: DC2 | G23: 1 | H23: 8 | I23: 16 | J23: 500 | K23: =H23*G23 -> 8 | L23: =I23*G23 -> 16 | M23: =J23*G23 -> 500 | N23: =K23*#REF! -> #REF! | O23: =M23*#REF! -> #REF! | R23: =SUM(N23:Q23) -> #REF!
B24: 22 | C24: MinIO | D24: Object Storage | E24: Community | F24: DC2 | G24: 1 | H24: 16 | I24: 32 | J24: 500 | K24: =H24*G24 -> 16 | L24: =I24*G24 -> 32 | M24: =J24*G24 -> 500 | N24: =K24*#REF! -> #REF! | O24: =M24*#REF! -> #REF! | R24: =SUM(N24:Q24) -> #REF! | T24: Strg DB Prod | U24: =M7*2 -> 60000 | V24: =U24/U25 -> 4.6153846
B25: 23 | C25: Elasticsearch Master & Data | D25: ELK Stack | E25: Community | F25: DC2 | G25: 3 | H25: 8 | I25: 32 | J25: 300 | K25: =H25*G25 -> 24 | L25: =I25*G25 -> 96 | M25: =J25*G25 -> 900 | N25: =K25*#REF! -> #REF! | O25: =M25*#REF! -> #REF! | R25: =SUM(N25:Q25) -> #REF! | T25: Strg DB PT | U25: =M32 -> 13000 | V25: 1
B26: 24 | C26: Kibana Logstash | D26: ELK Stack | E26: Community | F26: DC2 | G26: 1 | H26: 8 | I26: 16 | J26: 300 | K26: =H26*G26 -> 8 | L26: =I26*G26 -> 16 | M26: =J26*G26 -> 300 | N26: =K26*#REF! -> #REF! | O26: =M26*#REF! -> #REF! | R26: =SUM(N26:Q26) -> #REF!
B28: 25 | C28: Redhat OCP Master | D28: Container Platform | E28: Enterprise | F28: PT | G28: 3 | H28: 8 | I28: 32 | J28: 150 | K28: =H28*G28 -> 24 | L28: =I28*G28 -> 96 | M28: =J28*G28 -> 450 | N28: =K28*#REF! -> #REF! | O28: =M28*#REF! -> #REF! | R28: =SUM(N28:Q28) -> #REF!
B29: 26 | C29: Redhat OCP Infra Router | D29: Container Platform | E29: Enterprise | F29: PT | G29: 5 | H29: 8 | I29: 32 | J29: 150 | K29: =H29*G29 -> 40 | L29: =I29*G29 -> 160 | M29: =J29*G29 -> 750 | N29: =K29*#REF! -> #REF! | O29: =M29*#REF! -> #REF! | R29: =SUM(N29:Q29) -> #REF! | T29: Strg Prod | U29: =SUM(M3:M26) -> 77048 | V29: =U29/U30 -> 3.579632
B30: 27 | C30: Redhat OCP Worker (Baremetal) | D30: Container Platform | E30: Enterprise | F30: PT | G30: 1 | H30: 64 | I30: 1024 | J30: 1024 | K30: =H30*G30 -> 64 | L30: =I30*G30 -> 1024 | M30: =J30*G30 -> 1024 | N30: 0 | O30: 0 | Q30: =G30*#REF! -> #REF! | R30: =SUM(N30:Q30) -> #REF! | T30: Strg PT | U30: =SUM(M28:M39) -> 21524 | V30: =1 -> 1
B31: 28 | C31: Bastion & HA Proxy | D31: Bastion | E31: Enterprise | F31: PT | G31: 1 | H31: 4 | I31: 8 | J31: 100 | K31: =H31*G31 -> 4 | L31: =I31*G31 -> 8 | M31: =J31*G31 -> 100 | N31: =K31*#REF! -> #REF! | O31: =M31*#REF! -> #REF! | R31: =SUM(N31:Q31) -> #REF!
B32: 29 | C32: Oracle Database RAC (Baremetal) | D32: Database | E32: Enterprise | F32: PT | G32: 2 | H32: 28 | I32: 256 | J32: 13000 | K32: =H32*G32 -> 56 | L32: =I32*G32 -> 512 | M32: 13000 | N32: =K32*#REF! -> #REF! | O32: =M32*#REF! -> #REF! | R32: =SUM(N32:Q32) -> #REF! | T32: Memoru Prod | U32: =SUM(L3:L26) -> 4176 | V32: =U32/U33 -> 1.9550562
B33: 30 | C33: Nginx Community | D33: Application Gateway | E33: Community | F33: PT | G33: 2 | H33: 8 | I33: 16 | J33: 200 | K33: =H33*G33 -> 16 | L33: =I33*G33 -> 32 | M33: =J33*G33 -> 400 | N33: =K33*#REF! -> #REF! | O33: =M33*#REF! -> #REF! | R33: =SUM(N33:Q33) -> #REF! | T33: Memory PT | U33: =SUM(L28:L40) -> 2136 | V33: 1
B34: 31 | C34: Redis Enterprise | D34: Cache Database | E34: Enterprise | F34: PT | G34: 3 | H34: 8 | I34: 16 | J34: 200 | K34: =H34*G34 -> 24 | L34: =I34*G34 -> 48 | M34: =J34*G34 -> 600 | N34: =K34*#REF! -> #REF! | O34: =M34*#REF! -> #REF! | R34: =SUM(N34:Q34) -> #REF!
B35: 32 | C35: Confluent Kafka Community App Log (Non Financial) | D35: Kafka Broker & Zookeeper | E35: Community | F35: PT | G35: 3 | H35: 8 | I35: 16 | J35: 1000 | K35: =H35*G35 -> 24 | L35: =I35*G35 -> 48 | M35: =J35*G35 -> 3000 | N35: =K35*#REF! -> #REF! | O35: =M35*#REF! -> #REF! | R35: =SUM(N35:Q35) -> #REF! | T35: CPU Prod
B36: 33 | C36: Batch Control M | D36: Batch Server | E36: Enterprise | F36: PT | G36: 1 | H36: 8 | I36: 16 | J36: 500 | K36: =H36*G36 -> 8 | L36: =I36*G36 -> 16 | M36: =J36*G36 -> 500 | N36: =K36*#REF! -> #REF! | O36: =M36*#REF! -> #REF! | R36: =SUM(N36:Q36) -> #REF! | T36: CPU Dev
B37: 34 | C37: MinIO | D37: Object Storage | E37: Enterprise | F37: PT | G37: 1 | H37: 16 | I37: 32 | J37: 500 | K37: =H37*G37 -> 16 | L37: =I37*G37 -> 32 | M37: =J37*G37 -> 500 | N37: =K37*#REF! -> #REF! | O37: =M37*#REF! -> #REF! | R37: =SUM(N37:Q37) -> #REF!
B38: 35 | C38: Elasticsearch Master & Data | D38: ELK Stack | E38: Community | F38: PT | G38: 3 | H38: 8 | I38: 32 | J38: 300 | K38: =H38*G38 -> 24 | L38: =I38*G38 -> 96 | M38: =J38*G38 -> 900 | N38: =K38*#REF! -> #REF! | O38: =M38*#REF! -> #REF! | R38: =SUM(N38:Q38) -> #REF!
B39: 36 | C39: Kibana Logstash | D39: ELK Stack | E39: Community | F39: PT | G39: 1 | H39: 8 | I39: 16 | J39: 300 | K39: =H39*G39 -> 8 | L39: =I39*G39 -> 16 | M39: =J39*G39 -> 300 | N39: =K39*#REF! -> #REF! | O39: =M39*#REF! -> #REF! | R39: =SUM(N39:Q39) -> #REF!
B40: 37 | C40: Wiremock | D40: Wiremock | E40: Community | F40: PT | G40: 2 | H40: 8 | I40: 24 | J40: 128 | K40: =H40*G40 -> 16 | L40: =I40*G40 -> 48 | M40: =J40*G40 -> 256 | N40: =K40*#REF! -> #REF! | O40: =M40*#REF! -> #REF! | R40: =SUM(N40:Q40) -> #REF!
B42: 38 | C42: Oracle Database (VM) | D42: Database | E42: Enterprise | F42: DEV & UAT | G42: 1 | H42: 16 | I42: 32 | J42: =2500 -> 2500 | K42: =H42*G42 -> 16 | L42: 64 | M42: =J42*G42 -> 2500 | N42: =K42*#REF! -> #REF! | O42: =M42*#REF! -> #REF! | R42: =SUM(N42:Q42) -> #REF!
B43: 39 | C43: Nginx Community | D43: Application Gateway | E43: Community | F43: DEV & UAT | G43: 2 | H43: 4 | I43: 8 | J43: 200 | K43: =H43*G43 -> 8 | L43: =I43*G43 -> 16 | M43: =J43*G43 -> 400 | N43: =K43*#REF! -> #REF! | O43: =M43*#REF! -> #REF! | R43: =SUM(N43:Q43) -> #REF!
B44: 40 | C44: Redis Community | D44: Cache Database | E44: Community | F44: DEV & UAT | G44: 1 | H44: 4 | I44: 8 | J44: 200 | K44: =H44*G44 -> 4 | L44: =I44*G44 -> 8 | M44: =J44*G44 -> 200 | N44: =K44*#REF! -> #REF! | O44: =M44*#REF! -> #REF! | R44: =SUM(N44:Q44) -> #REF!
B45: 41 | C45: Confluent Kafka Community App Log (Non Financial) | D45: Kafka Broker & Zookeeper | E45: Community | F45: DEV & UAT | G45: 3 | H45: 8 | I45: 16 | J45: 500 | K45: =H45*G45 -> 24 | L45: =I45*G45 -> 48 | M45: =J45*G45 -> 1500 | N45: =K45*#REF! -> #REF! | O45: =M45*#REF! -> #REF! | R45: =SUM(N45:Q45) -> #REF!
B46: 42 | C46: Batch Control M | D46: Batch Server | E46: Enterprise | F46: DEV & UAT | G46: 1 | H46: 8 | I46: 16 | J46: 500 | K46: =H46*G46 -> 8 | L46: =I46*G46 -> 16 | M46: =J46*G46 -> 500 | N46: =K46*#REF! -> #REF! | O46: =M46*#REF! -> #REF! | R46: =SUM(N46:Q46) -> #REF!
B47: 43 | C47: VM S3 | D47: Object Storage | E47: Enterprise | F47: DEV & UAT | G47: 1 | H47: 4 | I47: 8 | J47: 500 | K47: =H47*G47 -> 4 | L47: =I47*G47 -> 8 | M47: =J47*G47 -> 500 | N47: =K47*#REF! -> #REF! | O47: =M47*#REF! -> #REF! | R47: =SUM(N47:Q47) -> #REF!
B48: 44 | C48: Elasticsearch Master & Data | D48: ELK Stack | E48: Community | F48: DEV & UAT | G48: 3 | H48: 8 | I48: 16 | J48: 500 | K48: =H48*G48 -> 24 | L48: =I48*G48 -> 48 | M48: =J48*G48 -> 1500 | N48: =K48*#REF! -> #REF! | O48: =M48*#REF! -> #REF! | R48: =SUM(N48:Q48) -> #REF!
B49: 45 | C49: Kibana Logstash | D49: ELK Stack | E49: Community | F49: DEV & UAT | G49: 1 | H49: 8 | I49: 16 | J49: 300 | K49: =H49*G49 -> 8 | L49: =I49*G49 -> 16 | M49: =J49*G49 -> 300 | N49: =K49*#REF! -> #REF! | O49: =M49*#REF! -> #REF! | R49: =SUM(N49:Q49) -> #REF!
B50: 46 | C50: Jfrog | D50: Artifactory Repository | E50: Enterprise | F50: DEV & UAT | G50: 1 | H50: 0 | I50: 0 | J50: 500 | K50: =H50*G50 -> 0 | L50: =I50*G50 -> 0 | M50: =J50*G50 -> 500 | N50: =K50*#REF! -> #REF! | O50: =M50*#REF! -> #REF! | R50: =SUM(N50:Q50) -> #REF!
B51: 47 | C51: Jenkins | D51: CI / CD | E51: Community | F51: DEV & UAT | G51: 1 | H51: 0 | I51: 0 | J51: 500 | K51: =H51*G51 -> 0 | L51: =I51*G51 -> 0 | M51: =J51*G51 -> 500 | N51: =K51*#REF! -> #REF! | O51: =M51*#REF! -> #REF! | R51: =SUM(N51:Q51) -> #REF!
B52: 48 | C52: Redhat OCP Worker (Baremetal) | D52: Container Platform | E52: Enterprise | F52: DEV & UAT | G52: 1 | H52: 64 | I52: 1024 | J52: 1024 | K52: =H52*G52 -> 64 | L52: =I52*G52 -> 1024 | M52: =J52*G52 -> 1024 | N52: 0 | O52: 0 | Q52: =G52*#REF! -> #REF! | R52: =SUM(N52:Q52) -> #REF!
B55: Summary Hardware Prod
B56: No | C56: Item | D56: Price | G56: CPU | H56: Mem (GB) | I56: Storage (GB)
B57: 1 | C57: Redhat OCP | D57: =SUM(R3:R6,R15:R18) -> #REF! | F57: Prod | G57: =SUM(K3:K4)+SUM(K6:K6)+SUM(K8:K16)+SUM(K18:K18)+SUM(K20:K26) -> 376 | H57: =SUM(L3:L4)+SUM(L6:L6)+SUM(L8:L16)+SUM(L18:L18)+SUM(L20:L26) -> 1104 | I57: =SUM(M3:M26) -> 77048
B58: 2 | C58: Nginx Community | D58: =R8+R20 -> #REF!
B59: 3 | C59: Redis Enterprise | D59: =R9+R21 -> #REF! | F59: PT | G59: =SUM(K28:K29)+SUM(K31:K31)+SUM(K33:K39) -> 188 | H59: =SUM(L28:L29)+SUM(L31:L31)+SUM(L33:L39) -> 552 | I59: =SUM(M28:M39) -> 21524 | M59: =SUM(M3:M52) -> 108252
B60: 4 | C60: Confluent Kafka Community | D60: =R10+R22 -> #REF!
B61: 5 | C61: ELK Stack Community | D61: =SUM(R13:R14)+SUM(R25:R26) -> #REF! | F61: Dev | G61: =SUM(K42:K51) -> 96 | H61: =SUM(L42:L51) -> 224 | I61: =SUM(M42:M51) -> 8400
B62: 6 | C62: MinIO | D62: =R12+R24 -> #REF! | F62: Total Non Prod | G62: =SUM(G59:G61) -> 284 | H62: =SUM(H59:H61) -> 776 | I62: =SUM(I59:I61) -> 29924
B63: 7 | C63: Batch Control M | D63: =R11+R23 -> #REF!
B64: 8 | C64: Oracle Database RAC | D64: =R7+R19 -> #REF!
C65: Total | D65: =SUM(D57:D64) -> #REF!
G66: DC | H66: PT
B67: Summary Hardware PT | F67: Oracle | G67: 4 | H67: 2
B68: No | C68: Item | D68: Price | F68: OCP | G68: 2 | H68: 1
B69: 1 | C69: Redhat OCP | D69: =SUM(R28:R31) -> #REF!
B70: 2 | C70: Nginx Community | D70: =R33 -> #REF!
B71: 3 | C71: Redis Enterprise | D71: =R34 -> #REF! | H71: HW + License
B72: 4 | C72: Oracle Database RAC | D72: =R32 -> #REF! | F72: Platform HW Prod | G72: =SUM(D57:D63) -> #REF! | H72: =G72+J72 -> #REF! | I72: Platform License Prod | J72: =SUM(F97,#REF!,F105:F110) -> #REF!
B73: 5 | C73: Confluent Kafka Community | D73: =R35 -> #REF! | F73: Platform HW PT | G73: =SUM(D69:D71,D73:D77) -> #REF! | H73: =G73+J73 -> #REF! | I73: Platform License PT | J73: =SUM(F116,F123,F125:F125) -> #REF!
B74: 6 | C74: ELK Stack Community | D74: =R38+R39 -> #REF! | F74: Platform HW Dev | G74: =SUM(D82:D83,D85:D90) -> #REF! | H74: =G74+J74 -> #REF! | I74: Platform License Dev | J74: =SUM(F134:F136) -> #REF!
B75: 7 | C75: MinIO | D75: =R37 -> #REF! | G75: =SUM(G72:G74) -> #REF! | H75: =SUM(H72:H74) -> #REF! | J75: =SUM(J72:J74) -> #REF!
B76: 8 | C76: Batch Control M | D76: =R36 -> #REF!
B77: 9 | C77: Wiremock | D77: =R40 -> #REF! | F77: DB HW Prod | G77: =SUM(D64) -> #REF! | H77: =G77+J77 -> #REF! | I77: DB License Prod | J77: =F104 -> 48000000
C78: Total | D78: =SUM(D69:D77) -> #REF! | F78: DB HW PT | G78: =D72 -> #REF! | H78: =G78+J78 -> #REF! | I78: DB License PT | J78: =F124 -> 24000000
F79: DB HW Dev | G79: =D84 -> #REF! | H79: =G79+J79 -> #REF! | I79: DB License Dev | J79: 0
B80: Summary Hardware DEV | H80: =SUM(H77:H79) -> #REF!
B81: No | C81: Item | D81: Price | H81: =H80+H75 -> #REF!
B82: 1 | C82: Nginx Community | D82: =R43 -> #REF!
B83: 2 | C83: Redis Community | D83: =R44 -> #REF!
B84: 3 | C84: Oracle Database | D84: =R42 -> #REF!
B85: 4 | C85: Confluent Kafka Community | D85: =R45 -> #REF!
B86: 5 | C86: ELK Stack Community | D86: =R48+R49 -> #REF!
B87: 6 | C87: MinIO | D87: =R47 -> #REF!
B88: 7 | C88: Batch Control M | D88: =R46 -> #REF!
B89: 8 | C89: Jfrog | D89: =R50 -> #REF!
B90: 9 | C90: Jenkins | D90: =R51 -> #REF!
B91: 10 | C91: Redhat OCP | D91: =R52 -> #REF!
C92: Total | D92: =SUM(D82:D91) -> #REF!
B95: Summary License Prod
B96: No | C96: Item | D96: #of License | E96: Harga Satuan | F96: Total Harga | G96: Remarks
B97: 1 | C97: Redhat Openshift Kubernetes Engine | D97: =G5+G17 -> 2 | E97: 236922840 | F97: =E97*D97 -> 473845680
B98: 2 | C98: Oracle Database Enterprise Edition | D98: =(K7+K19)*0.5 -> 56 | E98: =#REF! -> #REF! | F98: 0 | G98: ELA
B99: 3 | C99: Oracle Diagnostic Pack | D99: =(K7+K19)*0.5 -> 56 | E99: =#REF! -> #REF! | F99: 0 | G99: ELA
B100: 4 | C100: Oracle Partitioning | D100: =(K7+K19)*0.5 -> 56 | E100: =#REF! -> #REF! | F100: 0 | G100: ELA
B101: 5 | C101: Oracle Tuning Pack | D101: =(K7+K19)*0.5 -> 56 | E101: =#REF! -> #REF! | F101: 0 | G101: ELA
B102: 6 | C102: Oracle Real Application Cluster | D102: =(K7+K19)*0.5 -> 56 | E102: =#REF! -> #REF! | F102: 0 | G102: ELA
B103: 7 | C103: Oracle Active Data Guard | D103: =(K7+K19)*0.5 -> 56 | E103: =#REF! -> #REF! | F103: 0 | G103: ELA
B104: 9 | C104: Oracle Linux DB | D104: 2 | E104: 24000000 | F104: =D104*E104 -> 48000000
B105: 10 | C105: Redis Enterprise | D105: 4 | E105: 112320000 | F105: =D105*E105 -> 449280000
B106: 11 | C106: RHEL | D106: =ROUNDUP(SUM(K6,K8,K9,K10,K11,K12,K13,K14)/64,0)*2 -> 4 | E106: =#REF! -> #REF! | F106: =E106*D106 -> #REF!
...

Sheet Summary
B1: No | C1: Group | D1: Edition | E1: Environment | F1: Opsi 1 Oracle DB RAC, Baremetal, 60 TB, Storage Tier 3 | G1: Opsi 2 Oracle DB Single Node, Baremetal, 60 TB, Storage Tier 3 | H1: Opsi 3 Oracle DB RAC, OLVM, 60 TB, Storage Tier 3 | I1: Opsi 4 Oracle DB RAC, OLVM, 30 TB, Storage Tier 3
B2: Summary Hardware Production
B3: 1 | C3: Redhat OCP Master | D3: Enterprise | E3: DC1 | F3: ='FS Opsi Oracle RAC T3'!R3 -> #REF! | G3: ='FS Opsi Oracle Single T3'!R3 -> #REF! | H3: ='FS Opsi Oracle VM RAC DB T3 60T'!R3 -> #REF! | I3: ='FS Opsi Oracle VM RAC DB T3 30T'!R3 -> #REF!
B4: 2 | C4: Redhat OCP Infra Router | D4: Enterprise | E4: DC1 | F4: ='FS Opsi Oracle RAC T3'!R4 -> #REF! | G4: ='FS Opsi Oracle Single T3'!R4 -> #REF! | H4: ='FS Opsi Oracle VM RAC DB T3 60T'!R4 -> #REF! | I4: ='FS Opsi Oracle VM RAC DB T3 30T'!R4 -> #REF!
B5: 3 | C5: Redhat OCP Worker (Baremetal) | D5: Enterprise | E5: DC1 | F5: ='FS Opsi Oracle RAC T3'!R5 -> #REF! | G5: ='FS Opsi Oracle Single T3'!R5 -> #REF! | H5: ='FS Opsi Oracle VM RAC DB T3 60T'!R5 -> #REF! | I5: ='FS Opsi Oracle VM RAC DB T3 30T'!R5 -> #REF!
B6: 4 | C6: Bastion & HA Proxy | D6: Enterprise | E6: DC1 | F6: ='FS Opsi Oracle RAC T3'!R6 -> #REF! | G6: ='FS Opsi Oracle Single T3'!R6 -> #REF! | H6: ='FS Opsi Oracle VM RAC DB T3 60T'!R6 -> #REF! | I6: ='FS Opsi Oracle VM RAC DB T3 30T'!R6 -> #REF!
B7: 5 | C7: Oracle Database RAC | D7: Enterprise | E7: DC1 | F7: ='FS Opsi Oracle RAC T3'!R7 -> #REF! | G7: ='FS Opsi Oracle Single T3'!R7 -> #REF! | H7: ='FS Opsi Oracle VM RAC DB T3 60T'!R7 -> #REF! | I7: ='FS Opsi Oracle VM RAC DB T3 30T'!R7 -> #REF!
B8: 6 | C8: Nginx Community | D8: Community | E8: DC1 | F8: ='FS Opsi Oracle RAC T3'!R8 -> #REF! | G8: ='FS Opsi Oracle Single T3'!R8 -> #REF! | H8: ='FS Opsi Oracle VM RAC DB T3 60T'!R8 -> #REF! | I8: ='FS Opsi Oracle VM RAC DB T3 30T'!R8 -> #REF!
B9: 7 | C9: Redis Enterprise | D9: Enterprise | E9: DC1 | F9: ='FS Opsi Oracle RAC T3'!R9 -> #REF! | G9: ='FS Opsi Oracle Single T3'!R9 -> #REF! | H9: ='FS Opsi Oracle VM RAC DB T3 60T'!R9 -> #REF! | I9: ='FS Opsi Oracle VM RAC DB T3 30T'!R9 -> #REF!
B10: 8 | C10: Confluent Kafka Community App Log (Non Financial) | D10: Community | E10: DC1 | F10: ='FS Opsi Oracle RAC T3'!R10 -> #REF! | G10: ='FS Opsi Oracle Single T3'!R10 -> #REF! | H10: ='FS Opsi Oracle VM RAC DB T3 60T'!R10 -> #REF! | I10: ='FS Opsi Oracle VM RAC DB T3 30T'!R10 -> #REF!
B11: 9 | C11: Batch Control M | D11: Enterprise | E11: DC1 | F11: ='FS Opsi Oracle RAC T3'!R11 -> #REF! | G11: ='FS Opsi Oracle Single T3'!R11 -> #REF! | H11: ='FS Opsi Oracle VM RAC DB T3 60T'!R11 -> #REF! | I11: ='FS Opsi Oracle VM RAC DB T3 30T'!R11 -> #REF!
B12: 10 | C12: MinIO | D12: Community | E12: DC1 | F12: ='FS Opsi Oracle RAC T3'!R12 -> #REF! | G12: ='FS Opsi Oracle Single T3'!R12 -> #REF! | H12: ='FS Opsi Oracle VM RAC DB T3 60T'!R12 -> #REF! | I12: ='FS Opsi Oracle VM RAC DB T3 30T'!R12 -> #REF!
B13: 11 | C13: Elasticsearch Master & Data | D13: Community | E13: DC1 | F13: ='FS Opsi Oracle RAC T3'!R13 -> #REF! | G13: ='FS Opsi Oracle Single T3'!R13 -> #REF! | H13: ='FS Opsi Oracle VM RAC DB T3 60T'!R13 -> #REF! | I13: ='FS Opsi Oracle VM RAC DB T3 30T'!R13 -> #REF!
B14: 12 | C14: Kibana Logstash | D14: Community | E14: DC1 | F14: ='FS Opsi Oracle RAC T3'!R14 -> #REF! | G14: ='FS Opsi Oracle Single T3'!R14 -> #REF! | H14: ='FS Opsi Oracle VM RAC DB T3 60T'!R14 -> #REF! | I14: ='FS Opsi Oracle VM RAC DB T3 30T'!R14 -> #REF!
... B26: 24 | C26: Kibana Logstash | D26: Community | E26: DC2 | F26: ='FS Opsi Oracle RAC T3'!R26 -> #REF! | G26: ='FS Opsi Oracle Single T3'!R26 -> #REF! | H26: ='FS Opsi Oracle VM RAC DB T3 60T'!R26 -> #REF! | I26: ='FS Opsi Oracle VM RAC DB T3 30T'!R26 -> #REF!
B27: Summary Hardware Non Production Performance Test
B28: 1 | C28: Redhat OCP Master | D28: Enterprise | E28: PT | F28: ='FS Opsi Oracle RAC T3'!R28 -> #REF! | G28: ='FS Opsi Oracle Single T3'!R28 -> #REF! | H28: ='FS Opsi Oracle VM RAC DB T3 60T'!R28 -> #REF! | I28: ='FS Opsi Oracle VM RAC DB T3 30T'!R28 -> #REF!
B29: 2 | C29: Redhat OCP Infra Router | D29: Enterprise | E29: PT | F29: ='FS Opsi Oracle RAC T3'!R29 -> #REF! | G29: ='FS Opsi Oracle Single T3'!R29 -> #REF! | H29: ='FS Opsi Oracle VM RAC DB T3 60T'!R29 -> #REF! | I29: ='FS Opsi Oracle VM RAC DB T3 30T'!R29 -> #REF!
B30: 3 | C30: Redhat OCP Worker (Baremetal) | D30: Enterprise | E30: PT | F30: ='FS Opsi Oracle RAC T3'!R30 -> #REF! | G30: ='FS Opsi Oracle Single T3'!R30 -> #REF! | H30: ='FS Opsi Oracle VM RAC DB T3 60T'!R30 -> #REF! | I30: ='FS Opsi Oracle VM RAC DB T3 30T'!R30 -> #REF!
B31: 4 | C31: Bastion & HA Proxy | D31: Enterprise | E31: PT | F31: ='FS Opsi Oracle RAC T3'!R31 -> #REF! | G31: ='FS Opsi Oracle Single T3'!R31 -> #REF! | H31: ='FS Opsi Oracle VM RAC DB T3 60T'!R31 -> #REF! | I31: ='FS Opsi Oracle VM RAC DB T3 30T'!R31 -> #REF!
B32: 5 | C32: Oracle Database RAC | D32: Enterprise | E32: PT | F32: ='FS Opsi Oracle RAC T3'!R32 -> #REF! | G32: ='FS Opsi Oracle Single T3'!R32 -> #REF! | H32: ='FS Opsi Oracle VM RAC DB T3 60T'!R32 -> #REF! | I32: ='FS Opsi Oracle VM RAC DB T3 30T'!R32 -> #REF!
B33: 6 | C33: Nginx Community | D33: Community | E33: PT | F33: ='FS Opsi Oracle RAC T3'!R33 -> #REF! | G33: ='FS Opsi Oracle Single T3'!R33 -> #REF! | H33: ='FS Opsi Oracle VM RAC DB T3 60T'!R33 -> #REF! | I33: ='FS Opsi Oracle VM RAC DB T3 30T'!R33 -> #REF!
B34: 7 | C34: Redis Enterprise | D34: Enterprise | E34: PT | F34: ='FS Opsi Oracle RAC T3'!R34 -> #REF! | G34: ='FS Opsi Oracle Single T3'!R34 -> #REF! | H34: ='FS Opsi Oracle VM RAC DB T3 60T'!R34 -> #REF! | I34: ='FS Opsi Oracle VM RAC DB T3 30T'!R34 -> #REF!
B35: 8 | C35: Confluent Kafka Community App Log (Non Financial) | D35: Community | E35: PT | F35: ='FS Opsi Oracle RAC T3'!R35 -> #REF! | G35: ='FS Opsi Oracle Single T3'!R35 -> #REF! | H35: ='FS Opsi Oracle VM RAC DB T3 60T'!R35 -> #REF! | I35: ='FS Opsi Oracle VM RAC DB T3 30T'!R35 -> #REF!
B36: 9 | C36: Batch Control M | D36: Enterprise | E36: PT | F36: ='FS Opsi Oracle RAC T3'!R36 -> #REF! | G36: ='FS Opsi Oracle Single T3'!R36 -> #REF! | H36: ='FS Opsi Oracle VM RAC DB T3 60T'!R36 -> #REF! | I36: ='FS Opsi Oracle VM RAC DB T3 30T'!R36 -> #REF!
B37: 10 | C37: MinIO | D37: Enterprise | E37: PT | F37: ='FS Opsi Oracle RAC T3'!R37 -> #REF! | G37: ='FS Opsi Oracle Single T3'!R37 -> #REF! | H37: ='FS Opsi Oracle VM RAC DB T3 60T'!R37 -> #REF! | I37: ='FS Opsi Oracle VM RAC DB T3 30T'!R37 -> #REF!
B38: 11 | C38: Elasticsearch Master & Data | D38: Community | E38: PT | F38: ='FS Opsi Oracle RAC T3'!R38 -> #REF! | G38: ='FS Opsi Oracle Single T3'!R38 -> #REF! | H38: ='FS Opsi Oracle VM RAC DB T3 60T'!R38 -> #REF! | I38: ='FS Opsi Oracle VM RAC DB T3 30T'!R38 -> #REF!
B39: 12 | C39: Kibana Logstash | D39: Community | E39: PT | F39: ='FS Opsi Oracle RAC T3'!R39 -> #REF! | G39: ='FS Opsi Oracle Single T3'!R39 -> #REF! | H39: ='FS Opsi Oracle VM RAC DB T3 60T'!R39 -> #REF! | I39: ='FS Opsi Oracle VM RAC DB T3 30T'!R39 -> #REF!
B40: 13 | C40: Wiremock | D40: Community | E40: PT | F40: ='FS Opsi Oracle RAC T3'!R40 -> #REF! | G40: ='FS Opsi Oracle Single T3'!R40 -> #REF! | H40: ='FS Opsi Oracle VM RAC DB T3 60T'!R40 -> #REF! | I40: ='FS Opsi Oracle VM RAC DB T3 30T'!R40 -> #REF!
B41: Summary Hardware Non Production Development / UAT
B42: 1 | C42: Oracle Database (VM) | D42: Enterprise | E42: DEV & UAT | F42: ='FS Opsi Oracle RAC T3'!R42 -> #REF! | G42: ='FS Opsi Oracle Single T3'!R42 -> #REF! | H42: ='FS Opsi Oracle VM RAC DB T3 60T'!R42 -> #REF! | I42: ='FS Opsi Oracle VM RAC DB T3 30T'!R42 -> #REF!
B43: 2 | C43: Nginx Community | D43: Community | E43: DEV & UAT | F43: ='FS Opsi Oracle RAC T3'!R43 -> #REF! | G43: ='FS Opsi Oracle Single T3'!R43 -> #REF! | H43: ='FS Opsi Oracle VM RAC DB T3 60T'!R43 -> #REF! | I43: ='FS Opsi Oracle VM RAC DB T3 30T'!R43 -> #REF!
B44: 3 | C44: Redis Community | D44: Community | E44: DEV & UAT | F44: ='FS Opsi Oracle RAC T3'!R44 -> #REF! | G44: ='FS Opsi Oracle Single T3'!R44 -> #REF! | H44: ='FS Opsi Oracle VM RAC DB T3 60T'!R44 -> #REF! | I44: ='FS Opsi Oracle VM RAC DB T3 30T'!R44 -> #REF!
B45: 4 | C45: Confluent Kafka Community App Log (Non Financial) | D45: Community | E45: DEV & UAT | F45: ='FS Opsi Oracle RAC T3'!R45 -> #REF! | G45: ='FS Opsi Oracle Single T3'!R45 -> #REF! | H45: ='FS Opsi Oracle VM RAC DB T3 60T'!R45 -> #REF! | I45: ='FS Opsi Oracle VM RAC DB T3 30T'!R45 -> #REF!
B46: 5 | C46: Batch Control M | D46: Enterprise | E46: DEV & UAT | F46: ='FS Opsi Oracle RAC T3'!R46 -> #REF! | G46: ='FS Opsi Oracle Single T3'!R46 -> #REF! | H46: ='FS Opsi Oracle VM RAC DB T3 60T'!R46 -> #REF! | I46: ='FS Opsi Oracle VM RAC DB T3 30T'!R46 -> #REF!
B47: 6 | C47: VM S3 | D47: Enterprise | E47: DEV & UAT | F47: ='FS Opsi Oracle RAC T3'!R47 -> #REF! | G47: ='FS Opsi Oracle Single T3'!R47 -> #REF! | H47: ='FS Opsi Oracle VM RAC DB T3 60T'!R47 -> #REF! | I47: ='FS Opsi Oracle VM RAC DB T3 30T'!R47 -> #REF!
B48: 7 | C48: Elasticsearch Master & Data | D48: Community | E48: DEV & UAT | F48: ='FS Opsi Oracle RAC T3'!R48 -> #REF! | G48: ='FS Opsi Oracle Single T3'!R48 -> #REF! | H48: ='FS Opsi Oracle VM RAC DB T3 60T'!R48 -> #REF! | I48: ='FS Opsi Oracle VM RAC DB T3 30T'!R48 -> #REF!
B49: 8 | C49: Kibana Logstash | D49: Community | E49: DEV & UAT | F49: ='FS Opsi Oracle RAC T3'!R49 -> #REF! | G49: ='FS Opsi Oracle Single T3'!R49 -> #REF! | H49: ='FS Opsi Oracle VM RAC DB T3 60T'!R49 -> #REF! | I49: ='FS Opsi Oracle VM RAC DB T3 30T'!R49 -> #REF!
B50: 9 | C50: Jfrog | D50: Enterprise | E50: DEV & UAT | F50: ='FS Opsi Oracle RAC T3'!R50 -> #REF! | G50: ='FS Opsi Oracle Single T3'!R50 -> #REF! | H50: ='FS Opsi Oracle VM RAC DB T3 60T'!R50 -> #REF! | I50: ='FS Opsi Oracle VM RAC DB T3 30T'!R50 -> #REF!
B51: 10 | C51: Jenkins | D51: Community | E51: DEV & UAT | F51: ='FS Opsi Oracle RAC T3'!R51 -> #REF! | G51: ='FS Opsi Oracle Single T3'!R51 -> #REF! | H51: ='FS Opsi Oracle VM RAC DB T3 60T'!R51 -> #REF! | I51: ='FS Opsi Oracle VM RAC DB T3 30T'!R51 -> #REF!
B52: 11 | C52: Redhat OCP Worker (Baremetal) | D52: Enterprise | E52: DEV & UAT | F52: ='FS Opsi Oracle RAC T3'!R52 -> #REF! | G52: ='FS Opsi Oracle Single T3'!R52 -> #REF! | H52: ='FS Opsi Oracle VM RAC DB T3 60T'!R52 -> #REF! | I52: ='FS Opsi Oracle VM RAC DB T3 30T'!R52 -> #REF!
B53: Summary License Prod
B54: 1 | C54: Redhat Openshift Kubernetes Engine | E54: DC1 & DC2 | F54: ='FS Opsi Oracle RAC T3'!F97 -> 473845680 | G54: ='FS Opsi Oracle Single T3'!F97 -> 473845680 | H54: ='FS Opsi Oracle VM RAC DB T3 60T'!F97 -> 473845680 | I54: ='FS Opsi Oracle VM RAC DB T3 30T'!F97 -> 473845680
B55: 2 | C55: OS : Oracle Enterprise Linux | E55: DC1 & DC2 | F55: ='FS Opsi Oracle RAC T3'!F104 -> 96000000 | G55: ='FS Opsi Oracle Single T3'!F104 -> 96000000 | H55: ='FS Opsi Oracle VM RAC DB T3 60T'!F104 -> 48000000 | I55: ='FS Opsi Oracle VM RAC DB T3 30T'!F104 -> 48000000
B56: 3 | C56: Redis Enterprise | E56: DC1 & DC2 | F56: ='FS Opsi Oracle RAC T3'!F105 -> 449280000 | G56: ='FS Opsi Oracle Single T3'!F105 -> 449280000 | H56: ='FS Opsi Oracle VM RAC DB T3 60T'!F105 -> 449280000 | I56: ='FS Opsi Oracle VM RAC DB T3 30T'!F105 -> 449280000
B57: 4 | C57: RHEL | E57: DC1 & DC2 | F57: ='FS Opsi Oracle RAC T3'!F106 -> #REF! | G57: ='FS Opsi Oracle Single T3'!F106 -> #REF! | H57: ='FS Opsi Oracle VM RAC DB T3 60T'!F106 -> #REF! | I57: ='FS Opsi Oracle VM RAC DB T3 30T'!F106 -> #REF!
B58: 5 | C58: Dexguard Android & IOS | E58: DC1 & DC2 | F58: ='FS Opsi Oracle RAC T3'!F109 -> 1991363000 | G58: ='FS Opsi Oracle Single T3'!F109 -> 1991363000 | H58: ='FS Opsi Oracle VM RAC DB T3 60T'!F109 -> 1991363000 | I58: ='FS Opsi Oracle VM RAC DB T3 30T'!F109 -> 1991363000
B59: 6 | C59: Secure Site Pro SSL | E59: DC1 & DC2 | F59: ='FS Opsi Oracle RAC T3'!F110 -> 67466880 | G59: ='FS Opsi Oracle Single T3'!F110 -> 67466880 | H59: ='FS Opsi Oracle VM RAC DB T3 60T'!F110 -> 67466880 | I59: ='FS Opsi Oracle VM RAC DB T3 30T'!F110 -> 67466880
B60: Summary License Non Production Performance Test
B61: 1 | C61: Redhat Openshift Kubernetes Engine | E61: PT | F61: ='FS Opsi Oracle RAC T3'!F116 -> 156369074 | G61: ='FS Opsi Oracle Single T3'!F116 -> 156369074 | H61: ='FS Opsi Oracle VM RAC DB T3 60T'!F116 -> 134000000 | I61: ='FS Opsi Oracle VM RAC DB T3 30T'!F116 -> 134000000
B62: 2 | C62: RHEL | E62: PT | F62: ='FS Opsi Oracle RAC T3'!F123 -> #REF! | G62: ='FS Opsi Oracle Single T3'!F123 -> #REF! | H62: ='FS Opsi Oracle VM RAC DB T3 60T'!F123 -> #REF! | I62: ='FS Opsi Oracle VM RAC DB T3 30T'!F123 -> #REF!
B63: 3 | C63: OLVM | E63: PT | F63: ='FS Opsi Oracle RAC T3'!F124 -> 48000000 | G63: ='FS Opsi Oracle Single T3'!F124 -> 48000000 | H63: ='FS Opsi Oracle VM RAC DB T3 60T'!F124 -> 24000000 | I63: ='FS Opsi Oracle VM RAC DB T3 30T'!F124 -> 24000000
B64: 4 | C64: Redis | E64: PT | F64: ='FS Opsi Oracle RAC T3'!F125 -> 141818560 | G64: ='FS Opsi Oracle Single T3'!F125 -> 141818560 | H64: ='FS Opsi Oracle VM RAC DB T3 60T'!F125 -> 141818560 | I64: ='FS Opsi Oracle VM RAC DB T3 30T'!F125 -> 141818560
B65: Summary License Non Production Development / UAT
B66: 1 | C66: OLVM | E66: DEV & UAT | F66: ='FS Opsi Oracle RAC T3'!F134 -> #REF! | G66: ='FS Opsi Oracle Single T3'!F134 -> #REF! | H66: ='FS Opsi Oracle VM RAC DB T3 60T'!F134 -> #REF! | I66: ='FS Opsi Oracle VM RAC DB T3 30T'!F134 -> #REF!
B67: 2 | C67: RHEL | E67: DEV & UAT | F67: ='FS Opsi Oracle RAC T3'!F135 -> #REF! | G67: ='FS Opsi Oracle Single T3'!F135 -> #REF! | H67: ='FS Opsi Oracle VM RAC DB T3 60T'!F135 -> #REF! | I67: ='FS Opsi Oracle VM RAC DB T3 30T'!F135 -> #REF!
B68: 3 | C68: SSL Secure Site OV | E68: DEV & UAT | F68: ='FS Opsi Oracle RAC T3'!F136 -> 13535808 | G68: ='FS Opsi Oracle Single T3'!F136 -> 13535808 | H68: ='FS Opsi Oracle VM RAC DB T3 60T'!F136 -> 13535808 | I68: ='FS Opsi Oracle VM RAC DB T3 30T'!F136 -> 13535808
B69: 4 | C69: Redhat Openshift Kubernetes Engine | E69: DEV & UAT | F69: ='FS Opsi Oracle RAC T3'!F137 -> 156369074 | G69: ='FS Opsi Oracle Single T3'!F137 -> 156369074 | H69: ='FS Opsi Oracle VM RAC DB T3 60T'!F137 -> 134000000 | I69: ='FS Opsi Oracle VM RAC DB T3 30T'!F137 -> 134000000
B70: Total | F70: =SUM(F3:F69) -> #REF! | G70: =SUM(G3:G69) -> #REF! | H70: =SUM(H3:H69) -> #REF! | I70: =SUM(I3:I69) -> #REF!

Sheet Summarya
C2: Opsi 1 | D2: Opsi 2 | E2: Opsi 3 | F2: Opsi 4
A3: No | B3: Group | C3: RAC, Baremetal, 60 TB, Tier 3 | D3: Single, Baremetal, 60 TB, Tier 3 | E3: RAC, VM, 60 TB, Tier 3 | F3: Single, VM, 60 TB, Tier 3
A4: 1 | B4: Redhat OCP Master
A5: 2 | B5: Redhat OCP Infra Router
A6: 3 | B6: Redhat OCP Worker (Baremetal)
A7: 4 | B7: Bastion & HA Proxy
A8: 5 | B8: Oracle Database RAC (Baremetal)
A9: 6 | B9: Nginx Community
A10: 7 | B10: Redis Enterprise
A11: 8 | B11: Confluent Kafka Community App Log (Non Financial)
A12: 9 | B12: Batch Control M
A13: 10 | B13: MinIO
A14: 11 | B14: Elasticsearch Master & Data
A15: 12 | B15: Kibana Logstash
... A53: 48 | B53: Redhat OCP Worker (Baremetal)
B66: Total

Sheet Opsi Oracle - old adj
B1: Summary Hardware
B2: No | C2: Group | D2: Description | E2: Edition | F2: Environment | G2: # of VM | H2: CPU | I2: Memory | J2: Storage | K2: Total CPU | L2: Total Memory | M2: Total Storage | N2: Pricing CPU | O2: Pricing Storage | P2: Pricing Rubrik / NBU | Q2: Pricing Baremetal | R2: Total
B3: 1 | C3: Redhat OCP Master | D3: Container Platform | E3: Enterprise | F3: DC1 | G3: 3 | H3: 8 | I3: 32 | J3: 150 | K3: =H3*G3 -> 24 | L3: =I3*G3 -> 96 | M3: =J3*G3 -> 450 | N3: =K3*'Pricing Per Items - old adj'!$D$4 -> 120000000 | O3: =M3*'Pricing Per Items - old adj'!$D$9 -> 11025000 | P3: 0 | R3: =SUM(N3:Q3) -> 131025000
B4: 2 | C4: Redhat OCP Infra Router | D4: Container Platform | E4: Enterprise | F4: DC1 | G4: 5 | H4: 8 | I4: 32 | J4: 150 | K4: =H4*G4 -> 40 | L4: =I4*G4 -> 160 | M4: =J4*G4 -> 750 | N4: =K4*'Pricing Per Items - old adj'!$D$4 -> 200000000 | O4: =M4*'Pricing Per Items - old adj'!$D$9 -> 18375000 | P4: 0 | R4: =SUM(N4:Q4) -> 218375000
B5: 3 | C5: Redhat OCP Worker (Baremetal) | D5: Container Platform | E5: Enterprise | F5: DC1 | G5: 1 | H5: 64 | I5: 1024 | J5: 1024 | K5: =H5*G5 -> 64 | L5: =I5*G5 -> 1024 | M5: =J5*G5 -> 1024 | N5: 0 | O5: 0 | P5: 0 | Q5: =G5*'Pricing Per Items - old adj'!$D$48 -> 284828000 | R5: =SUM(N5:Q5) -> 284828000
B6: 4 | C6: Bastion & HA Proxy | D6: Bastion | E6: Enterprise | F6: DC1 | G6: 1 | H6: 4 | I6: 8 | J6: 100 | K6: =H6*G6 -> 4 | L6: =I6*G6 -> 8 | M6: =J6*G6 -> 100 | N6: =K6*'Pricing Per Items - old adj'!$D$4 -> 20000000 | O6: =M6*'Pricing Per Items - old adj'!$D$9 -> 2450000 | P6: 0 | R6: =SUM(N6:Q6) -> 22450000
B7: 5 | C7: Oracle Database RAC (Baremetal) | D7: Database | E7: Enterprise | F7: DC1 | G7: 2 | H7: 64 | I7: 1024 | J7: 2500 | K7: =H7*G7 -> 128 | L7: =I7*G7 -> 2048 | M7: =J7 -> 2500 | N7: 0 | O7: =M7*'Pricing Per Items - old adj'!$D$9 -> 61250000 | P7: =M7*'Pricing Per Items - old adj'!$D$11*50% -> 33750000 | Q7: =G7*'Pricing Per Items - old adj'!$D$48 -> 569656000 | R7: =SUM(N7:Q7) -> 664656000
B8: 6 | C8: Nginx Community | D8: Application Gateway | E8: Community | F8: DC1 | G8: 2 | H8: 8 | I8: 16 | J8: 200 | K8: =H8*G8 -> 16 | L8: =I8*G8 -> 32 | M8: =G8*J8 -> 400 | N8: =K8*'Pricing Per Items - old adj'!$D$4 -> 80000000 | O8: =M8*'Pricing Per Items - old adj'!$D$9 -> 9800000 | R8: =SUM(N8:Q8) -> 89800000
B9: 7 | C9: Redis Enterprise | D9: Cache Database | E9: Enterprise | F9: DC1 | G9: 3 | H9: 8 | I9: 16 | J9: 200 | K9: =H9*G9 -> 24 | L9: =I9*G9 -> 48 | M9: =G9*J9 -> 600 | N9: =K9*'Pricing Per Items - old adj'!$D$4 -> 120000000 | O9: =M9*'Pricing Per Items - old adj'!$D$9 -> 14700000 | R9: =SUM(N9:Q9) -> 134700000
B10: 8 | C10: Confluent Kafka Community App Log (Non Financial) | D10: Kafka Broker & Zookeeper | E10: Community | F10: DC1 | G10: 3 | H10: 8 | I10: 16 | J10: 1000 | K10: =H10*G10 -> 24 | L10: =I10*G10 -> 48 | M10: =G10*J10 -> 3000 | N10: =K10*'Pricing Per Items - old adj'!$D$4 -> 120000000 | O10: =M10*'Pricing Per Items - old adj'!$D$9 -> 73500000 | R10: =SUM(N10:Q10) -> 193500000
B11: 9 | C11: Batch Control M | D11: Batch Server | E11: Enterprise | F11: DC1 | G11: 1 | H11: 8 | I11: 16 | J11: 500 | K11: =H11*G11 -> 8 | L11: =I11*G11 -> 16 | M11: =G11*J11 -> 500 | N11: =K11*'Pricing Per Items - old adj'!$D$4 -> 40000000 | O11: =M11*'Pricing Per Items - old adj'!$D$9 -> 12250000 | R11: =SUM(N11:Q11) -> 52250000
B12: 10 | C12: MinIO | D12: Object Storage | E12: Enterprise | F12: DC1 | G12: 1 | H12: 16 | I12: 32 | J12: 500 | K12: =H12*G12 -> 16 | L12: =I12*G12 -> 32 | M12: =G12*J12 -> 500 | N12: =K12*'Pricing Per Items - old adj'!$D$4 -> 80000000 | O12: =M12*'Pricing Per Items - old adj'!$D$9 -> 12250000 | R12: =SUM(N12:Q12) -> 92250000
B13: 11 | C13: Elasticsearch Master & Data | D13: ELK Stack | E13: Community | F13: DC1 | G13: 3 | H13: 8 | I13: 32 | J13: 300 | K13: =H13*G13 -> 24 | L13: =I13*G13 -> 96 | M13: =G13*J13 -> 900 | N13: =K13*'Pricing Per Items - old adj'!$D$4 -> 120000000 | O13: =M13*'Pricing Per Items - old adj'!$D$9 -> 22050000 | R13: =SUM(N13:Q13) -> 142050000
B14: 12 | C14: Kibana Logstash | D14: ELK Stack | E14: Community | F14: DC1 | G14: 1 | H14: 8 | I14: 16 | J14: 300 | K14: =H14*G14 -> 8 | L14: =I14*G14 -> 16 | M14: =G14*J14 -> 300 | N14: =K14*'Pricing Per Items - old adj'!$D$4 -> 40000000 | O14: =M14*'Pricing Per Items - old adj'!$D$9 -> 7350000 | R14: =SUM(N14:Q14) -> 47350000
B15: 13 | C15: Redhat OCP Master | D15: Container Platform | E15: Enterprise | F15: DC2 | G15: 3 | H15: 8 | I15: 32 | J15: 150 | K15: =H15*G15 -> 24 | L15: =I15*G15 -> 96 | M15: =J15*G15 -> 450 | N15: =K15*'Pricing Per Items - old adj'!$D$4 -> 120000000 | O15: =M15*'Pricing Per Items - old adj'!$D$9 -> 11025000 | P15: 0 | R15: =SUM(N15:Q15) -> 131025000
B16: 14 | C16: Redhat OCP Infra Router | D16: Container Platform | E16: Enterprise | F16: DC2 | G16: 5 | H16: 8 | I16: 32 | J16: 150 | K16: =H16*G16 -> 40 | L16: =I16*G16 -> 160 | M16: =J16*G16 -> 750 | N16: =K16*'Pricing Per Items - old adj'!$D$4 -> 200000000 | O16: =M16*'Pricing Per Items - old adj'!$D$9 -> 18375000 | P16: 0 | R16: =SUM(N16:Q16) -> 218375000
B17: 15 | C17: Redhat OCP Worker (Baremetal) | D17: Container Platform | E17: Enterprise | F17: DC2 | G17: 1 | H17: 64 | I17: 1024 | J17: 1024 | K17: =H17*G17 -> 64 | L17: =I17*G17 -> 1024 | M17: =J17*G17 -> 1024 | N17: 0 | O17: 0 | P17: 0 | Q17: =G17*'Pricing Per Items - old adj'!$D$48 -> 284828000 | R17: =SUM(N17:Q17) -> 284828000
B18: 16 | C18: Bastion & HA Proxy | D18: Bastion | E18: Enterprise | F18: DC2 | G18: 1 | H18: 4 | I18: 8 | J18: 100 | K18: =H18*G18 -> 4 | L18: =I18*G18 -> 8 | M18: =J18*G18 -> 100 | N18: =K18*'Pricing Per Items - old adj'!$D$4 -> 20000000 | O18: =M18*'Pricing Per Items - old adj'!$D$9 -> 2450000 | P18: 0 | R18: =SUM(N18:Q18) -> 22450000
B19: 17 | C19: Oracle Database RAC (Baremetal) | D19: Database | E19: Enterprise | F19: DC2 | G19: 2 | H19: 64 | I19: 1024 | J19: 2500 | K19: =H19*G19 -> 128 | L19: =I19*G19 -> 2048 | M19: =J19 -> 2500 | N19: 0 | O19: =M19*'Pricing Per Items - old adj'!$D$9 -> 61250000 | P19: =M19*'Pricing Per Items - old adj'!$D$11*50% -> 33750000 | Q19: =G19*'Pricing Per Items - old adj'!$D$48 -> 569656000 | R19: =SUM(N19:Q19) -> 664656000
B20: 18 | C20: Nginx Community | D20: Application Gateway | E20: Community | F20: DC2 | G20: 2 | H20: 8 | I20: 16 | J20: 200 | K20: =H20*G20 -> 16 | L20: =I20*G20 -> 32 | M20: =J20*G20 -> 400 | N20: =K20*'Pricing Per Items - old adj'!$D$4 -> 80000000 | O20: =M20*'Pricing Per Items - old adj'!$D$9 -> 9800000 | R20: =SUM(N20:Q20) -> 89800000
B21: 19 | C21: Redis Enterprise | D21: Cache Database | E21: Enterprise | F21: DC2 | G21: 3 | H21: 8 | I21: 16 | J21: 200 | K21: =H21*G21 -> 24 | L21: =I21*G21 -> 48 | M21: =J21*G21 -> 600 | N21: =K21*'Pricing Per Items - old adj'!$D$4 -> 120000000 | O21: =M21*'Pricing Per Items - old adj'!$D$9 -> 14700000 | R21: =SUM(N21:Q21) -> 134700000
B22: 20 | C22: Confluent Kafka Community App Log (Non Financial) | D22: Kafka Broker & Zookeeper | E22: Community | F22: DC2 | G22: 3 | H22: 8 | I22: 16 | J22: 1000 | K22: =H22*G22 -> 24 | L22: =I22*G22 -> 48 | M22: =J22*G22 -> 3000 | N22: =K22*'Pricing Per Items - old adj'!$D$4 -> 120000000 | O22: =M22*'Pricing Per Items - old adj'!$D$9 -> 73500000 | R22: =SUM(N22:Q22) -> 193500000
B23: 21 | C23: Batch Control M | D23: Batch Server | E23: Enterprise | F23: DC2 | G23: 1 | H23: 8 | I23: 16 | J23: 500 | K23: =H23*G23 -> 8 | L23: =I23*G23 -> 16 | M23: =J23*G23 -> 500 | N23: =K23*'Pricing Per Items - old adj'!$D$4 -> 40000000 | O23: =M23*'Pricing Per Items - old adj'!$D$9 -> 12250000 | R23: =SUM(N23:Q23) -> 52250000
B24: 22 | C24: MinIO | D24: Object Storage | E24: Enterprise | F24: DC2 | G24: 1 | H24: 16 | I24: 32 | J24: 500 | K24: =H24*G24 -> 16 | L24: =I24*G24 -> 32 | M24: =J24*G24 -> 500 | N24: =K24*'Pricing Per Items - old adj'!$D$4 -> 80000000 | O24: =M24*'Pricing Per Items - old adj'!$D$9 -> 12250000 | R24: =SUM(N24:Q24) -> 92250000
B25: 23 | C25: Elasticsearch Master & Data | D25: ELK Stack | E25: Community | F25: DC2 | G25: 3 | H25: 8 | I25: 32 | J25: 300 | K25: =H25*G25 -> 24 | L25: =I25*G25 -> 96 | M25: =J25*G25 -> 900 | N25: =K25*'Pricing Per Items - old adj'!$D$4 -> 120000000 | O25: =M25*'Pricing Per Items - old adj'!$D$9 -> 22050000 | R25: =SUM(N25:Q25) -> 142050000
B26: 24 | C26: Kibana Logstash | D26: ELK Stack | E26: Community | F26: DC2 | G26: 1 | H26: 8 | I26: 16 | J26: 300 | K26: =H26*G26 -> 8 | L26: =I26*G26 -> 16 | M26: =J26*G26 -> 300 | N26: =K26*'Pricing Per Items - old adj'!$D$4 -> 40000000 | O26: =M26*'Pricing Per Items - old adj'!$D$9 -> 7350000 | R26: =SUM(N26:Q26) -> 47350000
B28: 25 | C28: Redhat OCP Master | D28: Container Platform | E28: Enterprise | F28: PT | G28: 3 | H28: 8 | I28: 32 | J28: 150 | K28: =H28*G28 -> 24 | L28: =I28*G28 -> 96 | M28: =J28*G28 -> 450 | N28: =K28*'Pricing Per Items - old adj'!$G$4 -> 96000000 | O28: =M28*'Pricing Per Items - old adj'!$G$9 -> 7200000 | R28: =SUM(N28:Q28) -> 103200000
B29: 26 | C29: Redhat OCP Infra Router | D29: Container Platform | E29: Enterprise | F29: PT | G29: 5 | H29: 8 | I29: 32 | J29: 150 | K29: =H29*G29 -> 40 | L29: =I29*G29 -> 160 | M29: =J29*G29 -> 750 | N29: =K29*'Pricing Per Items - old adj'!$G$4 -> 160000000 | O29: =M29*'Pricing Per Items - old adj'!$G$9 -> 12000000 | R29: =SUM(N29:Q29) -> 172000000
B30: 27 | C30: Redhat OCP Worker (Baremetal) | D30: Container Platform | E30: Enterprise | F30: PT | G30: 1 | H30: 64 | I30: 1024 | J30: 1024 | K30: =H30*G30 -> 64 | L30: =I30*G30 -> 1024 | M30: =J30*G30 -> 1024 | N30: 0 | O30: 0 | Q30: =G30*'Pricing Per Items - old adj'!$D$48 -> 284828000 | R30: =SUM(N30:Q30) -> 284828000
B31: 28 | C31: Bastion & HA Proxy | D31: Bastion | E31: Enterprise | F31: PT | G31: 1 | H31: 4 | I31: 8 | J31: 100 | K31: =H31*G31 -> 4 | L31: =I31*G31 -> 8 | M31: =J31*G31 -> 100 | N31: =K31*'Pricing Per Items - old adj'!$G$4 -> 16000000 | O31: =M31*'Pricing Per Items - old adj'!$G$9 -> 1600000 | R31: =SUM(N31:Q31) -> 17600000
B32: 29 | C32: Oracle Database RAC (Baremetal) | D32: Database | E32: Enterprise | F32: PT | G32: 2 | H32: 64 | I32: 1024 | J32: 2500 | K32: =H32*G32 -> 128 | L32: =I32*G32 -> 2048 | M32: =J32 -> 2500 | N32: 0 | O32: =M32*'Pricing Per Items - old adj'!$G$9 -> 40000000 | Q32: =G32*'Pricing Per Items - old adj'!$D$48 -> 569656000 | R32: =SUM(N32:Q32) -> 609656000
B33: 30 | C33: Nginx Community | D33: Application Gateway | E33: Community | F33: PT | G33: 2 | H33: 8 | I33: 16 | J33: 200 | K33: =H33*G33 -> 16 | L33: =I33*G33 -> 32 | M33: =J33*G33 -> 400 | N33: =K33*'Pricing Per Items - old adj'!$G$4 -> 64000000 | O33: =M33*'Pricing Per Items - old adj'!$G$9 -> 6400000 | R33: =SUM(N33:Q33) -> 70400000
B34: 31 | C34: Redis Enterprise | D34: Cache Database | E34: Enterprise | F34: PT | G34: 3 | H34: 8 | I34: 16 | J34: 200 | K34: =H34*G34 -> 24 | L34: =I34*G34 -> 48 | M34: =J34*G34 -> 600 | N34: =K34*'Pricing Per Items - old adj'!$G$4 -> 96000000 | O34: =M34*'Pricing Per Items - old adj'!$G$9 -> 9600000 | R34: =SUM(N34:Q34) -> 105600000
B35: 32 | C35: Confluent Kafka Community App Log (Non Financial) | D35: Kafka Broker & Zookeeper | E35: Community | F35: PT | G35: 3 | H35: 8 | I35: 16 | J35: 1000 | K35: =H35*G35 -> 24 | L35: =I35*G35 -> 48 | M35: =J35*G35 -> 3000 | N35: =K35*'Pricing Per Items - old adj'!$G$4 -> 96000000 | O35: =M35*'Pricing Per Items - old adj'!$G$9 -> 48000000 | R35: =SUM(N35:Q35) -> 144000000
B36: 33 | C36: Batch Control M | D36: Batch Server | E36: Enterprise | F36: PT | G36: 1 | H36: 8 | I36: 16 | J36: 500 | K36: =H36*G36 -> 8 | L36: =I36*G36 -> 16 | M36: =J36*G36 -> 500 | N36: =K36*'Pricing Per Items - old adj'!$G$4 -> 32000000 | O36: =M36*'Pricing Per Items - old adj'!$G$9 -> 8000000 | R36: =SUM(N36:Q36) -> 40000000
B37: 34 | C37: MinIO | D37: Object Storage | E37: Enterprise | F37: PT | G37: 1 | H37: 16 | I37: 32 | J37: 500 | K37: =H37*G37 -> 16 | L37: =I37*G37 -> 32 | M37: =J37*G37 -> 500 | N37: =K37*'Pricing Per Items - old adj'!$G$4 -> 64000000 | O37: =M37*'Pricing Per Items - old adj'!$G$9 -> 8000000 | R37: =SUM(N37:Q37) -> 72000000
B38: 35 | C38: Elasticsearch Master & Data | D38: ELK Stack | E38: Community | F38: PT | G38: 3 | H38: 8 | I38: 32 | J38: 300 | K38: =H38*G38 -> 24 | L38: =I38*G38 -> 96 | M38: =J38*G38 -> 900 | N38: =K38*'Pricing Per Items - old adj'!$G$4 -> 96000000 | O38: =M38*'Pricing Per Items - old adj'!$G$9 -> 14400000 | R38: =SUM(N38:Q38) -> 110400000
B39: 36 | C39: Kibana Logstash | D39: ELK Stack | E39: Community | F39: PT | G39: 1 | H39: 8 | I39: 16 | J39: 300 | K39: =H39*G39 -> 8 | L39: =I39*G39 -> 16 | M39: =J39*G39 -> 300 | N39: =K39*'Pricing Per Items - old adj'!$G$4 -> 32000000 | O39: =M39*'Pricing Per Items - old adj'!$G$9 -> 4800000 | R39: =SUM(N39:Q39) -> 36800000
B40: 37 | C40: Wiremock | D40: Wiremock | E40: Community | F40: PT | G40: 2 | H40: 8 | I40: 24 | J40: 128 | K40: =H40*G40 -> 16 | L40: =I40*G40 -> 48 | M40: =J40*G40 -> 256 | N40: =K40*'Pricing Per Items - old adj'!$G$4 -> 64000000 | O40: =M40*'Pricing Per Items - old adj'!$G$9 -> 4096000 | R40: =SUM(N40:Q40) -> 68096000
B42: 38 | C42: Oracle Database (VM) | D42: Database | E42: Enterprise | F42: DEV & UAT | G42: 1 | H42: 16 | I42: 32 | J42: 500 | K42: =H42*G42 -> 16 | L42: =I42*G42 -> 32 | M42: =J42*G42 -> 500 | N42: =K42*'Pricing Per Items - old adj'!$G$4 -> 64000000 | O42: =M42*'Pricing Per Items - old adj'!$G$9 -> 8000000 | R42: =SUM(N42:Q42) -> 72000000
B43: 39 | C43: Nginx Community | D43: Application Gateway | E43: Community | F43: DEV & UAT | G43: 2 | H43: 4 | I43: 8 | J43: 200 | K43: =H43*G43 -> 8 | L43: =I43*G43 -> 16 | M43: =J43*G43 -> 400 | N43: =K43*'Pricing Per Items - old adj'!$G$4 -> 32000000 | O43: =M43*'Pricing Per Items - old adj'!$G$9 -> 6400000 | R43: =SUM(N43:Q43) -> 38400000
B44: 40 | C44: Redis Community | D44: Cache Database | E44: Community | F44: DEV & UAT | G44: 1 | H44: 4 | I44: 8 | J44: 200 | K44: =H44*G44 -> 4 | L44: =I44*G44 -> 8 | M44: =J44*G44 -> 200 | N44: =K44*'Pricing Per Items - old adj'!$G$4 -> 16000000 | O44: =M44*'Pricing Per Items - old adj'!$G$9 -> 3200000 | R44: =SUM(N44:Q44) -> 19200000
B45: 41 | C45: Confluent Kafka Community App Log (Non Financial) | D45: Kafka Broker & Zookeeper | E45: Community | F45: DEV & UAT | G45: 3 | H45: 8 | I45: 16 | J45: 500 | K45: =H45*G45 -> 24 | L45: =I45*G45 -> 48 | M45: =J45*G45 -> 1500 | N45: =K45*'Pricing Per Items - old adj'!$G$4 -> 96000000 | O45: =M45*'Pricing Per Items - old adj'!$G$9 -> 24000000 | R45: =SUM(N45:Q45) -> 120000000
... B51: 47 | C51: Jenkins | D51: CI / CD | E51: Community | F51: DEV & UAT | G51: 1 | H51: 0 | I51: 0 | J51: 500 | K51: =H51*G51 -> 0 | L51: =I51*G51 -> 0 | M51: =J51*G51 -> 500 | N51: =K51*'Pricing Per Items - old adj'!$G$4 -> 0 | O51: =M51*'Pricing Per Items - old adj'!$G$9 -> 8000000 | R51: =SUM(N51:Q51) -> 8000000
B55: Summary Hardware Prod
B56: No | C56: Item | D56: Price | G56: CPU | H56: Mem (GB) | I56: Storage (GB)
B57: 1 | C57: Redhat OCP | D57: =SUM(R3:R6,R15:R18) -> 1313356000 | F57: Prod | G57: =SUM(K3:K4)+SUM(K6:K6)+SUM(K8:K16)+SUM(K18:K18)+SUM(K20:K26) -> 376 | H57: =SUM(L3:L4)+SUM(L6:L6)+SUM(L8:L16)+SUM(L18:L18)+SUM(L20:L26) -> 1104 | I57: =SUM(M3:M26) -> 22048
B58: 2 | C58: Nginx Community | D58: =R8+R20 -> 179600000
B59: 3 | C59: Redis Enterprise | D59: =R9+R21 -> 269400000 | F59: PT | G59: =SUM(K28:K29)+SUM(K31:K31)+SUM(K33:K39) -> 188 | H59: =SUM(L28:L29)+SUM(L31:L31)+SUM(L33:L39) -> 552 | I59: =SUM(M28:M39) -> 11024
B60: 4 | C60: Confluent Kafka Community | D60: =R10+R22 -> 387000000
B61: 5 | C61: ELK Stack Community | D61: =SUM(R13:R14)+SUM(R25:R26) -> 378800000 | F61: Dev | G61: =SUM(K42:K51) -> 96 | H61: =SUM(L42:L51) -> 192 | I61: =SUM(M42:M51) -> 6400
B62: 6 | C62: MinIO | D62: =R12+R24 -> 184500000 | F62: Total Non Prod | G62: =SUM(G59:G61) -> 284 | H62: =SUM(H59:H61) -> 744 | I62: =SUM(I59:I61) -> 17424
B63: 7 | C63: Batch Control M | D63: =R11+R23 -> 104500000
B64: 8 | C64: Oracle Database RAC | D64: =R7+R19 -> 1329312000
C65: Total | D65: =SUM(D57:D64) -> 4146468000
G66: DC | H66: PT
B67: Summary Hardware PT | F67: Oracle | G67: 4 | H67: 2
B68: No | C68: Item | D68: Price | F68: OCP | G68: 2 | H68: 1
B69: 1 | C69: Redhat OCP | D69: =SUM(R28:R31) -> 577628000
B70: 2 | C70: Nginx Community | D70: =R33 -> 70400000
B71: 3 | C71: Redis Enterprise | D71: =R34 -> 105600000 | H71: HW + License
B72: 4 | C72: Oracle Database RAC | D72: =R32 -> 609656000 | F72: Platform HW Prod | G72: =SUM(D57:D63) -> 2817156000 | H72: =G72+J72 -> #REF! | I72: Platform License Prod | J72: =SUM(F96,F103,F105:F110) -> #REF!
B73: 5 | C73: Confluent Kafka Community | D73: =R35 -> 144000000 | F73: Platform HW PT | G73: =SUM(D69:D71,D73:D77) -> 1224924000 | H73: =G73+J73 -> #REF! | I73: Platform License PT | J73: =SUM(F116,F123,F125:F125) -> #REF!
B74: 6 | C74: ELK Stack Community | D74: =R38+R39 -> 147200000 | F74: Platform HW Dev | G74: =SUM(D82:D83,D85:D90) -> 414400000 | H74: =G74+J74 -> #REF! | I74: Platform License Dev | J74: =SUM(F134:F136) -> #REF!
B75: 7 | C75: MinIO | D75: =R37 -> 72000000 | G75: =SUM(G72:G74) -> 4456480000 | H75: =SUM(H72:H74) -> #REF! | J75: =SUM(J72:J74) -> #REF!
B76: 8 | C76: Batch Control M | D76: =R36 -> 40000000
